id_Project,id_User,score
1,167,5
1,384,5
1,499,5
1,575,5
1,796,5
1,1131,5
2,27,1
2,287,1
2,587,1
2,862,1
2,1046,1
2,1189,1
2,1371,1
3,232,3
3,274,3
3,339,3
3,523,3
3,545,3
3,640,1
3,738,3
3,1034,3
3,1355,3
3,1396,3
3,1419,3
4,657,4
4,1172,1
4,1247,4
5,535,4
5,536,5
5,607,4
5,686,4
5,727,4
5,739,4
5,789,4
5,919,4
5,1384,4
6,70,4
6,467,4
6,575,4
6,635,4
6,1333,4
7,34,2
7,1273,2
7,1412,2
8,22,2
8,267,2
8,469,2
8,491,2
8,542,2
8,570,2
8,594,2
8,630,2
8,865,2
9,92,4
9,229,4
9,491,5
9,598,4
9,746,4
9,803,4
9,1087,4
9,1350,4
10,15,1
10,455,1
10,1287,1
10,1358,1
11,1,4
11,11,4
11,392,4
11,457,4
11,617,4
11,637,4
11,741,4
11,949,4
11,1024,4
11,1361,4
12,121,5
12,171,5
12,286,5
12,487,5
12,543,5
12,570,5
12,747,5
12,1040,5
12,1273,5
13,35,5
13,869,5
13,917,5
13,1003,5
14,179,3
14,237,3
14,527,3
14,694,3
14,816,3
14,821,3
14,1085,3
14,1234,3
15,62,3
15,134,3
15,205,1
15,880,3
15,923,3
15,1195,3
16,160,4
16,198,4
16,289,4
16,662,4
16,1271,4
17,269,5
17,1320,5
18,829,1
18,891,5
18,961,1
18,963,1
18,1090,1
18,1122,1
18,1127,1
18,1179,1
19,91,4
19,332,4
19,374,4
19,529,4
19,983,4
19,1155,5
20,489,4
20,646,4
20,1028,4
20,1410,4
21,18,5
21,253,5
21,821,5
21,1310,5
22,8,3
22,58,3
22,283,3
22,907,3
22,916,3
22,1320,3
22,1352,3
23,499,3
23,701,3
23,709,3
23,735,3
23,1145,3
23,1161,3
23,1364,3
23,1392,3
24,285,1
24,314,1
24,1082,1
24,1100,1
24,1114,1
24,1388,1
25,185,2
25,359,2
25,604,2
25,626,2
25,865,2
25,1022,2
25,1326,2
25,1358,2
26,5,3
26,101,3
26,436,3
26,987,3
26,1090,3
26,1240,3
27,430,4
27,528,4
27,556,4
27,654,4
27,663,4
27,836,4
27,871,4
27,1126,4
27,1334,4
28,179,4
28,404,4
28,727,4
28,1361,1
29,61,4
29,653,4
29,791,4
29,911,4
29,916,1
30,133,5
30,185,5
30,635,5
30,683,5
30,711,5
30,727,5
30,1135,5
31,298,4
31,563,4
31,648,4
31,745,4
31,781,4
31,895,4
31,914,4
31,1404,4
32,196,4
32,1229,4
32,1233,4
33,366,3
33,556,3
33,938,3
33,942,3
33,1015,3
33,1182,3
33,1298,3
33,1411,3
34,154,4
34,516,4
34,692,4
34,842,4
34,1121,4
35,452,4
35,590,4
35,639,4
35,733,4
35,906,4
35,964,4
35,1224,4
35,1228,4
36,140,4
36,243,4
36,886,4
36,946,1
36,983,4
36,1226,4
37,76,4
37,413,4
37,962,4
37,1226,4
37,1418,4
38,436,3
38,580,3
38,870,3
38,907,3
38,922,3
38,1048,3
39,876,3
39,1020,3
39,1349,3
40,106,4
40,401,4
40,657,4
40,672,4
40,839,4
40,896,4
40,953,4
40,1259,4
41,19,5
41,497,5
41,579,5
41,628,5
41,633,5
41,790,5
41,982,5
41,1042,5
41,1206,5
42,5,1
42,71,1
42,174,1
42,175,1
42,575,1
42,1247,1
42,1363,1
43,423,4
43,457,4
43,792,4
43,1050,4
43,1186,4
44,6,1
44,57,1
44,152,1
44,272,1
44,433,1
44,438,1
44,900,1
44,1269,1
45,39,4
45,176,4
45,336,4
45,661,4
45,686,4
45,796,5
45,818,4
45,965,4
45,1042,4
45,1058,4
46,176,5
46,1048,5
46,1139,5
47,25,4
47,428,4
47,685,4
47,851,4
47,1138,4
48,121,3
48,163,3
48,427,3
48,570,3
48,693,3
48,886,3
49,25,4
49,143,4
49,558,4
50,217,4
50,231,4
50,256,4
50,312,4
50,798,4
50,933,4
50,1196,4
51,24,4
51,117,4
51,420,4
51,561,4
51,637,4
51,735,4
51,883,4
51,1317,4
51,1329,4
51,1423,4
52,66,5
52,107,2
52,211,2
52,232,2
52,241,2
52,277,2
52,479,2
52,613,2
52,669,2
52,713,2
52,809,2
52,939,2
52,1204,2
53,39,2
53,547,2
53,700,2
53,730,2
53,743,2
53,753,2
53,1000,2
53,1050,1
53,1099,2
53,1142,2
53,1267,2
54,79,5
54,355,5
54,1026,5
54,1050,5
55,110,2
55,278,2
55,633,2
55,731,2
55,860,2
55,1018,2
55,1050,2
55,1227,2
56,56,5
56,124,5
56,200,5
56,436,5
56,751,5
56,831,5
56,906,5
56,937,5
56,947,5
56,1088,5
56,1309,5
57,205,5
57,585,5
57,626,5
57,853,5
57,1104,5
58,276,2
58,478,2
58,1129,2
58,1376,2
58,1418,2
59,424,4
60,34,4
60,315,4
60,404,4
60,432,4
60,835,4
60,1018,4
61,245,5
61,326,5
61,377,5
61,442,5
61,773,5
62,45,5
62,177,1
62,666,1
62,712,1
62,763,1
62,1298,1
62,1413,1
63,16,1
63,137,5
63,414,5
63,958,5
63,1134,5
64,176,4
64,435,4
64,954,4
64,1257,4
65,55,2
65,89,2
65,217,2
65,258,2
65,262,2
65,342,2
65,658,2
65,899,2
65,1124,2
65,1256,2
66,199,2
66,328,2
66,535,2
66,643,2
66,713,2
66,852,2
66,1034,2
66,1255,2
67,804,4
67,865,4
67,1092,4
67,1196,4
67,1251,4
67,1312,1
68,26,4
68,202,4
68,249,4
68,283,4
68,473,4
68,678,4
68,1100,4
68,1228,4
69,226,3
69,651,3
69,830,3
69,949,3
70,166,5
70,385,5
70,415,5
70,539,5
70,598,5
70,703,5
70,738,5
70,952,5
70,982,5
70,1228,5
70,1408,5
71,352,4
71,491,4
71,582,4
71,1421,4
72,352,3
72,673,3
72,868,3
72,878,3
72,897,3
73,345,4
73,364,4
73,594,4
73,1179,4
74,517,1
74,779,1
74,1046,1
74,1294,1
75,277,5
75,497,5
75,547,5
75,1080,5
75,1393,5
76,15,3
76,49,3
76,135,3
76,636,3
76,1418,3
77,134,3
77,172,3
77,256,3
77,330,3
77,341,3
77,556,3
77,836,3
77,1045,3
77,1170,3
78,366,2
78,843,2
78,918,2
79,108,4
79,173,4
79,355,4
79,574,4
79,622,4
79,688,4
79,850,4
79,901,4
79,940,4
79,960,4
79,1368,4
80,268,1
80,283,1
80,788,5
80,954,1
81,137,2
81,959,2
81,1002,2
81,1034,2
81,1079,2
81,1125,2
81,1208,2
82,289,1
82,747,1
82,792,1
82,804,1
82,807,1
83,546,2
83,1289,2
84,221,1
84,378,1
84,875,1
84,1282,1
84,1410,1
85,143,1
85,203,1
85,734,1
85,1071,1
85,1307,1
85,1316,1
86,257,4
86,393,4
86,489,4
86,770,4
86,820,4
86,856,4
86,980,4
86,994,4
86,1380,4
86,1417,4
87,263,5
87,266,5
87,293,5
87,436,5
87,1405,5
88,119,2
88,167,2
88,275,2
88,487,2
88,822,5
88,1160,2
88,1163,2
88,1183,2
88,1251,2
88,1354,2
89,220,1
89,490,1
89,504,1
89,992,1
89,1194,1
89,1195,1
89,1383,1
90,88,2
90,282,2
90,414,2
90,470,1
90,630,2
90,632,2
90,861,2
90,903,2
91,44,2
91,309,2
91,801,2
91,981,2
91,1005,2
92,428,5
92,611,5
92,1029,5
93,78,4
93,128,4
93,1133,4
93,1172,4
93,1204,4
93,1318,4
94,81,5
94,687,5
94,1173,5
94,1222,5
94,1248,5
94,1274,5
94,1361,5
95,67,1
95,170,1
95,872,1
95,901,1
95,1119,1
95,1163,1
96,314,4
96,474,4
96,845,4
96,851,4
96,898,4
96,1408,4
97,110,2
97,493,2
97,1009,2
97,1395,2
98,88,3
98,94,3
98,351,3
98,409,3
98,477,3
98,992,3
98,1252,3
99,262,5
99,296,5
99,1397,5
100,148,4
100,675,4
100,677,5
100,678,1
100,695,4
100,709,4
100,870,4
100,1182,4
101,8,2
101,419,2
101,430,2
101,615,2
101,1054,2
101,1123,2
101,1228,2
101,1278,2
102,403,5
102,805,5
102,944,5
102,1104,5
102,1306,5
102,1310,5
102,1356,5
103,220,5
103,332,5
103,530,5
103,692,5
103,723,5
103,1181,5
103,1325,5
104,12,4
104,120,4
104,544,5
104,925,4
104,985,4
104,1134,4
104,1236,4
105,51,2
105,201,2
105,251,5
105,254,2
105,380,2
105,484,2
105,563,2
105,670,2
105,850,1
105,1126,2
106,57,1
106,227,1
106,383,1
106,453,1
106,669,1
106,1060,1
106,1070,1
107,114,3
107,255,3
107,330,3
107,551,3
107,637,3
107,812,3
107,1027,3
107,1109,3
107,1223,3
108,32,3
108,129,3
109,14,2
109,355,2
109,682,2
109,761,2
110,109,5
110,184,5
110,189,4
110,214,4
110,306,4
110,342,4
110,397,4
110,615,4
110,731,4
110,896,4
110,1044,4
110,1287,4
111,141,4
111,346,4
111,686,4
111,873,4
111,1148,4
112,202,4
112,329,4
112,347,4
112,680,4
112,1297,4
112,1352,4
113,145,4
113,158,4
113,340,4
113,373,4
113,524,4
113,533,5
113,694,4
113,712,4
113,872,4
113,895,4
113,972,4
113,1015,4
113,1254,4
114,22,4
114,142,4
114,313,4
114,1127,4
114,1185,5
115,194,4
115,287,4
115,507,4
115,529,4
115,633,4
115,724,4
115,731,4
115,880,4
115,1343,4
116,432,2
116,476,2
116,924,2
116,1058,2
116,1158,2
117,514,1
117,677,1
117,679,1
117,795,1
117,840,1
117,908,1
117,942,1
117,1234,1
118,141,3
118,156,1
118,541,3
118,615,3
118,634,3
118,711,3
118,833,3
118,1025,3
119,510,4
119,647,4
119,711,4
119,787,4
119,914,4
119,944,4
119,1250,4
120,160,5
120,208,5
120,287,5
120,448,5
120,726,5
120,919,5
120,1079,5
120,1093,5
121,271,2
121,394,2
121,537,2
121,599,2
121,761,2
121,853,2
121,1360,2
122,46,4
122,117,4
122,220,4
122,366,4
122,409,4
122,691,4
122,1145,4
122,1409,4
123,612,1
123,709,1
123,775,1
123,978,1
123,1013,1
124,28,4
124,99,4
124,235,4
124,273,4
124,718,4
124,879,4
124,1042,4
125,100,2
125,142,2
125,216,2
125,1103,2
126,143,2
126,146,2
126,403,2
126,922,2
126,1154,2
127,2,3
127,4,3
127,759,3
127,1091,3
128,90,1
128,268,1
128,291,1
128,402,1
128,455,1
128,567,1
128,832,1
128,1115,1
128,1325,1
129,288,2
129,321,2
129,564,2
129,698,2
130,147,2
130,577,2
130,659,2
130,779,2
131,24,4
131,226,4
131,375,4
131,415,4
131,681,4
131,1005,4
131,1069,4
131,1370,4
132,5,4
132,79,4
132,209,4
132,262,4
132,1177,4
132,1248,5
133,581,1
133,769,1
133,888,1
133,911,1
133,1103,1
133,1240,1
134,66,4
134,232,4
134,835,4
134,998,4
134,1190,4
135,80,3
135,186,3
135,251,3
135,335,1
135,586,3
135,801,3
135,971,3
135,990,3
135,1019,3
135,1034,3
135,1085,3
135,1113,3
135,1296,3
135,1370,3
135,1385,3
136,229,2
136,620,2
136,1039,2
136,1072,2
136,1286,2
137,297,5
137,564,1
137,625,1
137,708,1
137,834,1
137,966,1
137,1241,1
137,1396,1
137,1422,1
138,798,4
138,1091,4
139,131,4
139,192,4
139,629,4
139,774,4
140,37,4
140,125,4
140,191,4
141,483,2
141,731,2
141,763,2
141,1046,2
141,1243,2
141,1309,2
141,1419,2
142,318,4
142,437,4
142,922,4
142,1140,4
142,1280,4
143,195,2
143,483,2
143,620,2
143,1326,2
144,143,1
144,568,4
144,650,4
144,717,4
144,942,4
144,970,4
144,1173,4
144,1259,4
144,1261,4
145,30,4
145,158,4
145,271,4
145,275,4
145,672,4
145,1083,4
145,1406,4
146,674,4
146,851,4
146,997,5
146,1020,4
146,1239,4
146,1398,4
147,845,4
147,992,4
148,4,4
148,584,4
148,1097,4
148,1124,5
149,73,5
149,447,5
149,530,5
149,811,5
149,1137,5
149,1219,5
150,395,3
150,555,3
150,569,3
150,596,1
150,822,3
150,857,3
150,892,3
150,930,3
150,1197,3
150,1381,3
150,1395,3
151,198,1
151,218,1
151,309,1
151,487,1
151,682,1
151,881,1
151,985,1
151,1389,1
152,285,4
152,366,4
152,416,4
152,575,4
152,648,4
152,951,4
152,1171,4
152,1378,4
152,1409,4
153,68,4
153,332,4
153,342,4
153,889,4
153,1023,4
153,1312,4
153,1315,4
153,1328,4
154,132,4
154,210,4
154,429,5
154,514,4
154,731,4
154,1019,4
154,1225,4
154,1383,5
154,1399,4
155,132,5
155,158,5
155,419,5
155,432,5
155,508,5
155,713,5
155,810,5
155,876,5
155,1169,5
156,115,3
156,491,3
156,1062,3
156,1304,3
157,15,4
157,29,4
157,351,4
157,399,4
157,473,4
157,963,4
157,1113,4
157,1236,4
157,1239,4
158,435,4
158,514,4
158,716,4
158,784,4
158,960,4
158,1237,4
159,29,4
159,99,4
159,704,4
159,971,4
159,1205,4
159,1369,4
160,439,1
160,524,1
160,944,1
161,35,5
161,500,1
161,674,1
161,793,1
161,1271,1
162,113,5
162,183,3
162,798,3
162,898,3
162,1294,3
163,385,4
163,629,4
163,652,4
163,926,4
163,935,5
163,1000,4
163,1074,4
163,1104,4
163,1133,4
163,1240,4
164,20,4
164,192,4
164,438,4
164,603,4
164,1022,4
164,1068,4
164,1095,4
165,15,2
165,178,2
165,205,2
165,243,2
165,258,2
165,603,2
165,944,2
165,1134,2
166,670,1
166,735,1
166,837,1
166,842,1
166,984,1
166,1035,1
167,826,2
167,1116,2
168,433,3
168,493,3
168,658,3
168,747,3
168,978,3
168,1159,3
169,13,4
169,103,4
169,381,4
169,810,4
169,924,4
169,950,4
169,1039,4
169,1107,4
169,1158,4
169,1340,4
169,1344,4
170,328,2
171,27,1
171,221,1
171,462,1
171,478,1
171,518,1
171,718,1
171,762,1
171,1025,1
171,1133,1
171,1318,1
172,240,4
172,824,4
172,925,4
172,936,4
172,1220,4
172,1251,4
172,1303,4
172,1383,4
172,1421,4
173,87,4
173,348,4
173,793,4
173,841,4
173,1135,4
173,1285,4
174,649,3
174,671,3
174,710,3
174,778,3
174,901,3
174,1037,3
174,1043,3
174,1333,3
175,110,3
175,856,3
175,1126,3
175,1150,3
176,133,5
176,692,5
176,779,1
176,835,5
177,315,1
177,351,1
177,596,1
177,905,1
177,1409,1
178,46,5
178,422,4
178,546,4
178,935,4
179,699,1
179,801,1
179,1155,1
180,58,3
180,145,3
180,483,3
180,915,3
180,1069,3
180,1144,3
180,1200,3
180,1305,3
181,84,2
181,697,2
181,792,2
181,971,2
181,1267,2
182,306,2
182,361,2
183,174,3
183,265,3
183,406,1
183,990,3
183,1186,3
184,22,4
184,320,4
184,424,4
184,661,4
184,762,4
184,879,4
184,938,4
184,1330,4
184,1358,4
185,82,2
185,97,2
185,194,2
185,303,2
185,1079,2
185,1315,2
186,64,4
186,166,4
186,492,5
186,838,4
186,1268,4
187,456,4
187,798,4
187,800,4
187,875,4
187,1115,4
188,176,1
188,233,1
188,356,1
188,677,1
188,820,1
189,23,3
189,312,3
189,461,3
189,657,3
189,798,3
189,863,3
189,942,3
189,1187,3
190,38,2
190,260,2
190,344,2
190,980,2
190,1097,2
190,1251,2
191,21,4
191,313,4
191,750,4
191,1303,4
191,1328,4
192,189,1
192,743,1
192,773,1
192,1136,1
192,1271,1
193,58,1
193,114,1
193,310,1
193,374,1
193,388,1
193,784,1
193,819,1
194,225,4
194,641,4
194,1234,4
194,1373,4
195,386,4
195,779,4
195,835,4
195,932,4
195,978,4
195,1030,4
196,151,5
196,287,4
196,445,4
196,564,4
196,611,4
196,1007,4
196,1025,4
196,1151,4
196,1200,4
196,1351,4
197,189,1
197,531,1
197,835,1
197,1097,1
197,1150,1
197,1396,1
198,284,3
198,560,3
198,598,3
198,1347,3
198,1349,3
198,1354,3
199,500,4
199,605,4
199,715,4
199,1238,4
199,1312,4
199,1369,4
200,170,4
200,188,4
200,341,4
200,610,4
200,615,4
200,834,5
200,928,4
200,1057,4
200,1396,4
201,199,5
201,204,5
201,566,5
201,930,5
202,290,4
202,420,5
202,619,4
202,732,4
202,734,4
202,861,4
203,599,4
203,665,4
203,905,4
203,1178,4
203,1315,4
204,551,2
204,632,2
204,1062,2
204,1156,2
205,141,2
205,255,5
205,550,2
205,640,2
205,1345,2
206,23,1
206,140,2
206,490,2
206,503,2
206,727,2
206,1237,2
207,355,3
207,618,3
207,669,3
207,1409,3
207,1423,3
208,96,3
208,544,3
208,571,3
208,636,3
208,664,3
208,805,3
208,1277,5
209,104,1
209,368,1
209,802,1
209,1159,1
209,1197,1
209,1203,1
209,1291,1
210,140,3
210,154,1
210,292,3
210,1022,3
210,1136,3
210,1327,3
210,1359,3
210,1372,5
211,379,1
211,401,1
211,634,1
211,691,1
211,734,1
211,745,1
211,889,1
211,954,1
211,1176,1
211,1210,1
211,1400,1
212,119,4
212,556,4
212,762,4
212,786,4
212,887,4
212,1053,4
212,1322,4
213,240,4
213,372,4
213,411,1
213,1126,4
213,1332,4
214,247,4
214,323,4
214,467,4
214,741,4
214,1214,4
214,1296,4
214,1356,4
215,118,1
215,335,5
215,370,1
215,384,1
215,721,1
215,960,1
215,1179,1
215,1387,1
216,226,5
216,240,5
216,459,5
216,509,5
216,688,5
216,693,5
216,902,5
216,1312,5
217,105,4
217,108,4
217,221,1
217,754,4
217,826,4
217,1177,4
217,1314,1
217,1318,4
217,1422,4
218,89,2
218,254,2
218,747,2
218,815,2
218,894,2
218,939,2
218,974,5
219,115,5
219,237,5
219,1011,5
219,1044,5
220,395,2
220,516,2
220,573,2
220,881,2
220,933,2
220,998,2
220,1083,2
220,1259,2
221,467,4
221,543,4
221,678,4
221,715,4
221,777,4
222,472,3
222,1329,3
223,5,2
223,1231,2
224,10,1
224,360,1
224,504,1
224,759,1
224,764,1
224,989,1
224,1155,1
224,1345,1
225,72,3
225,249,3
225,495,3
225,821,3
225,1189,3
226,496,4
226,535,4
226,806,4
226,873,4
226,923,4
226,1033,4
226,1253,4
226,1354,4
226,1417,4
227,349,1
227,391,1
227,797,1
227,805,1
227,866,1
227,1080,1
227,1142,1
227,1158,1
227,1218,1
227,1400,1
228,84,1
228,566,1
228,1256,1
228,1384,1
229,112,3
229,144,3
229,347,3
229,612,1
229,829,3
229,945,1
229,972,3
229,1343,3
230,25,2
230,64,2
230,300,2
230,566,2
231,269,5
231,384,5
231,479,5
231,559,5
231,615,5
231,836,5
232,15,1
232,730,1
232,814,1
232,998,1
232,1349,1
233,77,4
233,116,4
233,181,4
233,475,4
233,695,4
233,745,4
233,1125,4
234,8,2
234,267,2
234,408,2
234,898,2
234,1277,2
235,45,5
235,72,5
235,185,5
235,357,5
235,662,5
235,738,5
235,897,5
235,963,5
235,1124,5
235,1309,5
235,1415,5
236,260,5
236,275,1
236,308,3
236,336,3
236,428,3
236,772,3
236,1236,3
236,1413,3
237,83,4
237,101,4
237,147,4
237,419,4
237,451,4
237,578,4
237,664,4
237,1180,4
238,367,4
238,387,4
238,415,5
238,717,4
238,763,4
238,1164,4
239,33,2
239,292,2
239,403,2
239,569,2
239,835,2
239,837,2
240,121,4
240,825,4
240,1137,4
240,1177,4
241,86,4
241,611,4
241,636,4
241,643,4
241,677,4
241,685,5
241,740,4
241,749,4
241,1073,4
241,1085,4
241,1229,4
241,1384,4
242,242,1
242,258,1
242,380,1
242,669,1
242,690,1
242,713,1
242,722,1
242,774,1
242,1214,1
242,1358,1
242,1363,1
243,228,4
243,332,4
243,362,4
243,412,4
243,432,4
243,527,4
243,619,4
243,1184,4
243,1301,4
243,1359,4
244,595,5
244,956,3
244,1123,3
244,1202,3
245,495,4
245,551,5
245,1289,1
245,1351,4
246,16,4
246,558,4
246,901,4
246,1110,1
247,194,4
247,1212,4
247,1281,4
247,1405,4
248,144,3
248,161,3
248,598,3
248,652,3
248,1055,3
248,1329,3
249,511,4
249,684,4
249,858,4
249,881,4
249,1060,4
250,469,5
250,567,5
250,606,5
250,827,5
251,17,4
251,19,4
251,267,4
251,298,4
251,371,4
251,640,4
251,957,4
251,1124,4
251,1225,4
252,949,4
252,974,4
252,1339,4
252,1399,4
253,255,5
253,354,5
253,412,5
253,440,5
253,760,5
253,1115,5
253,1217,5
253,1292,5
254,158,3
254,586,3
254,913,3
254,1298,3
254,1400,3
255,129,5
255,511,5
255,893,5
255,921,5
255,1072,5
256,164,1
256,176,1
256,1077,1
256,1154,1
256,1376,1
256,1380,1
256,1413,1
257,91,2
257,185,2
257,497,2
257,511,2
257,550,2
257,634,2
257,907,2
257,960,2
257,1081,2
257,1153,2
257,1213,2
258,556,1
259,356,3
259,460,3
259,664,3
259,770,3
259,877,3
260,10,1
260,201,1
260,409,1
260,453,1
260,454,1
260,603,1
260,795,1
260,889,1
260,896,1
260,906,1
260,1004,1
260,1079,1
260,1124,1
260,1226,1
261,121,4
261,564,4
261,678,4
261,727,4
261,1029,4
261,1241,4
262,280,4
262,328,4
262,654,4
262,1236,4
263,206,4
263,231,4
263,1241,1
263,1278,4
264,264,4
264,983,4
264,1085,4
264,1120,4
264,1174,4
264,1394,4
265,5,3
265,313,3
265,451,3
265,477,3
265,602,3
265,919,3
266,37,1
266,44,1
266,346,1
266,871,1
266,958,1
266,1372,1
267,212,2
267,241,5
267,1082,2
267,1113,2
267,1327,2
267,1423,2
268,808,2
268,872,2
268,894,2
268,1068,2
268,1223,2
268,1405,2
269,36,1
269,161,1
269,388,1
269,463,1
269,523,1
269,873,1
269,895,1
269,1117,1
269,1207,1
270,454,3
270,857,3
270,1028,1
270,1075,3
271,80,4
271,151,4
271,1331,4
272,303,3
272,522,5
272,728,3
272,789,3
272,858,3
272,902,3
272,1261,3
272,1279,3
272,1322,3
273,103,4
273,165,4
273,306,4
273,334,4
273,476,4
273,936,4
273,1113,4
273,1114,4
273,1336,4
273,1347,4
273,1387,4
274,74,4
274,136,4
274,223,4
274,446,4
274,473,4
274,1114,4
274,1148,4
274,1246,4
275,372,3
275,467,3
275,525,3
275,661,3
275,1062,3
275,1129,3
276,5,2
276,34,2
276,112,2
276,388,2
276,1088,2
276,1177,2
276,1186,2
277,329,3
277,472,3
277,506,3
277,516,3
277,565,3
277,643,3
277,646,3
277,678,3
277,700,3
277,739,3
277,943,3
277,1036,3
277,1045,3
277,1284,3
277,1402,3
278,171,1
278,182,2
278,799,2
278,807,2
278,1333,2
279,83,4
279,169,4
279,294,4
279,511,4
279,663,4
279,807,4
279,859,4
279,944,4
279,1347,4
280,462,3
280,561,3
280,742,5
280,1130,3
280,1227,3
281,18,4
281,38,4
281,103,4
281,228,4
281,375,4
281,1254,4
281,1365,4
281,1398,4
282,344,4
282,425,4
282,733,4
282,904,4
282,1021,4
282,1043,4
282,1287,4
282,1370,4
282,1411,4
283,349,5
283,411,5
283,496,5
283,1083,5
283,1382,5
284,126,1
284,177,1
284,698,1
284,747,1
284,759,1
284,798,1
284,962,1
284,1067,1
285,547,1
285,586,1
285,739,1
285,778,1
285,811,1
285,826,1
285,1361,1
285,1388,1
285,1409,1
286,508,3
286,511,3
286,656,3
286,752,3
286,765,3
286,807,3
286,818,3
286,823,3
286,849,3
286,1225,3
286,1269,3
286,1347,3
286,1384,3
287,7,4
287,31,4
287,197,4
287,304,4
287,341,4
287,678,4
287,778,4
288,282,4
288,682,4
288,735,4
288,870,4
288,921,4
288,1312,4
289,63,4
289,457,4
289,678,4
289,872,4
289,950,4
289,1111,1
289,1369,1
290,309,4
290,340,5
290,625,4
290,780,4
290,950,4
290,1022,4
290,1187,4
290,1269,4
291,109,5
291,147,5
291,754,5
291,820,5
291,917,5
292,323,2
292,405,2
292,545,2
292,571,2
292,715,2
292,877,2
292,910,2
292,984,2
292,1084,2
293,892,4
293,1416,4
294,385,3
294,758,3
294,1178,1
294,1223,3
294,1265,3
295,296,4
295,719,4
295,1305,4
295,1395,4
296,147,5
296,573,4
296,667,4
296,1043,4
296,1199,4
296,1310,4
297,61,3
297,72,3
297,716,3
297,752,3
297,1006,3
297,1087,3
297,1190,3
297,1374,3
298,398,5
298,404,2
298,482,2
298,641,2
298,724,2
298,764,2
298,1004,2
298,1026,2
298,1087,2
298,1404,2
299,30,5
299,75,5
299,1067,3
299,1362,3
300,1,3
300,88,3
300,148,3
300,447,3
300,456,3
300,457,3
300,459,3
300,896,3
300,961,3
301,322,4
301,608,4
301,1347,4
302,552,4
302,705,4
302,749,4
302,810,4
302,954,4
302,1027,4
302,1129,4
302,1209,4
302,1307,4
303,146,5
303,167,5
303,548,5
303,719,5
303,822,5
303,850,5
304,148,5
304,162,5
304,359,5
304,395,5
304,557,5
305,587,1
305,871,1
305,1303,1
306,600,5
306,740,5
306,824,5
306,1016,5
306,1187,5
306,1317,5
306,1344,5
307,635,1
307,801,1
307,928,1
307,968,1
307,1205,1
307,1229,1
307,1295,1
308,156,2
308,159,2
308,268,2
308,285,2
308,1260,2
309,10,2
309,171,2
309,241,5
309,631,2
309,882,2
309,1161,2
309,1322,2
310,90,3
310,109,3
310,426,3
310,618,3
310,853,3
310,883,3
310,1188,3
311,238,3
311,856,3
311,1279,3
311,1307,3
311,1389,3
312,43,3
312,370,3
312,405,3
312,516,3
312,652,3
312,736,3
312,873,3
312,934,1
312,988,3
312,1118,3
312,1163,3
312,1381,3
313,9,5
313,374,5
313,509,5
313,651,5
313,879,5
313,939,5
314,135,4
314,207,4
314,231,4
314,280,4
314,678,4
314,684,4
314,1006,4
314,1248,4
315,43,1
315,88,1
315,417,1
315,976,1
315,1175,1
315,1257,1
315,1325,1
316,462,2
316,718,2
316,796,2
316,821,2
316,946,2
316,957,2
316,970,2
316,1093,2
316,1134,2
316,1233,2
316,1310,2
317,441,2
317,499,2
317,548,2
317,560,2
317,809,2
317,868,2
317,1315,2
318,320,4
318,401,1
318,822,4
318,893,4
318,1041,4
318,1117,4
319,116,2
319,186,2
319,219,2
319,437,2
319,448,2
319,1067,2
319,1211,2
320,48,5
320,66,3
320,103,3
320,160,3
320,165,3
320,204,3
320,266,3
320,613,3
320,681,1
320,865,3
320,984,3
320,1112,3
320,1150,3
320,1396,3
321,64,5
321,123,5
321,181,5
321,451,5
321,452,5
321,605,5
321,709,5
321,1050,5
321,1086,5
321,1171,5
322,224,2
322,225,2
322,723,2
322,1219,2
322,1272,2
323,13,1
323,263,1
323,1048,1
324,379,4
324,708,4
324,817,4
324,1275,4
325,40,4
326,161,4
326,365,4
326,858,4
326,956,4
326,1004,4
326,1137,4
327,60,3
327,75,3
327,228,3
327,248,3
327,471,3
327,606,3
327,610,3
327,664,3
327,823,3
327,1419,3
328,58,1
328,218,1
328,965,5
328,969,1
328,1170,1
328,1257,1
329,328,5
329,370,3
329,572,3
329,1005,3
329,1392,3
330,150,2
330,644,2
330,665,2
330,814,2
330,982,2
331,717,4
331,849,4
331,937,4
331,1081,4
332,85,4
332,91,4
332,792,4
332,918,4
332,1246,4
332,1383,4
333,133,1
333,216,1
333,218,1
333,283,1
333,321,1
333,546,1
333,701,1
333,1364,1
334,76,3
334,439,3
334,452,3
334,1007,3
334,1200,3
334,1267,3
334,1274,3
334,1368,3
334,1373,3
335,114,4
335,185,4
335,614,4
335,683,4
335,690,4
335,777,4
335,789,4
335,1043,4
335,1169,4
335,1198,4
335,1291,4
336,531,2
336,575,2
336,760,2
336,848,1
336,1184,2
336,1309,1
336,1381,5
337,203,1
337,362,1
337,800,1
337,1122,1
337,1312,1
337,1381,1
337,1398,1
338,9,1
338,59,1
338,791,1
338,1220,1
339,185,4
339,289,4
339,443,4
339,758,4
339,1132,4
339,1209,4
339,1264,4
339,1341,4
340,336,1
340,525,1
340,724,1
340,807,1
340,1027,1
341,438,4
341,514,4
341,1408,4
342,129,3
342,144,3
342,202,3
342,705,3
342,786,3
342,827,3
342,942,3
342,950,3
343,1369,5
344,236,3
344,357,5
344,834,5
344,911,3
344,1423,3
345,223,2
345,332,2
345,489,2
345,573,2
346,162,1
346,579,1
346,660,1
346,1321,1
347,146,4
347,283,4
347,354,4
347,523,4
347,579,4
347,919,4
347,1081,4
347,1288,4
347,1383,4
348,668,2
348,889,2
348,1180,2
349,103,2
349,258,2
349,342,2
349,361,2
349,636,2
349,1028,1
349,1138,2
350,859,2
350,1117,2
350,1139,2
350,1172,2
351,145,1
351,233,1
351,299,1
351,1030,1
351,1036,1
352,269,2
352,584,2
352,688,2
352,722,2
352,913,2
352,967,2
352,1003,1
352,1026,1
353,145,3
353,236,3
353,333,3
353,846,3
353,917,3
353,1233,3
353,1270,3
353,1283,3
354,8,5
354,365,5
354,488,5
354,500,5
354,935,5
354,1219,5
354,1424,5
355,177,4
355,314,4
355,487,4
355,829,4
355,1158,4
355,1303,4
356,266,4
356,471,4
356,636,4
356,760,4
356,1003,4
356,1109,4
356,1131,5
356,1137,4
356,1263,4
357,84,4
357,122,4
357,590,5
357,994,4
357,1015,4
357,1314,4
358,212,1
358,440,4
358,1112,4
358,1238,4
359,85,2
359,223,2
359,239,2
359,391,2
359,446,2
359,571,2
359,637,2
359,954,2
359,1334,2
360,590,4
360,873,4
360,1001,5
360,1010,4
360,1037,4
360,1081,4
360,1270,4
361,121,5
361,410,5
361,530,5
361,902,5
361,1110,5
361,1377,5
362,79,2
362,314,2
362,448,2
362,466,2
362,637,2
362,715,2
362,1211,2
363,344,5
363,971,5
363,1372,5
363,1408,1
364,185,5
364,256,5
364,292,5
364,508,5
364,544,5
364,585,5
364,1122,5
364,1341,5
364,1415,5
365,87,4
365,140,4
365,218,4
365,671,4
365,804,1
365,834,4
365,893,4
365,1005,4
365,1208,4
366,39,3
366,431,3
366,574,3
366,824,3
366,1405,3
367,178,5
367,245,5
367,310,5
367,335,1
367,627,5
367,757,5
367,1030,5
367,1146,5
367,1215,5
367,1291,5
367,1346,5
368,139,3
368,214,3
368,254,3
368,518,3
368,639,3
368,652,3
368,779,3
368,955,1
369,157,1
369,588,4
369,908,4
369,943,1
369,997,4
369,1037,4
369,1179,4
369,1190,4
369,1406,4
370,341,4
370,470,4
370,622,4
370,704,4
370,742,4
370,904,4
370,1258,4
370,1269,4
370,1353,4
371,375,4
371,896,4
371,1259,4
371,1352,4
372,183,4
372,227,4
372,333,4
372,375,4
372,465,4
372,545,4
372,648,4
372,710,4
372,803,4
372,1010,1
372,1244,4
373,356,5
373,938,1
373,944,1
373,952,1
373,1165,1
373,1252,1
374,24,4
374,509,1
374,773,4
374,871,4
374,1143,4
374,1265,4
374,1332,4
375,151,4
375,357,4
375,455,4
375,511,4
375,528,4
375,987,4
376,101,5
376,840,5
376,1249,5
377,110,4
377,433,4
377,563,4
378,501,5
378,668,3
378,703,3
378,786,3
378,912,3
378,1305,3
379,656,2
379,855,2
379,1421,2
380,178,5
380,1355,5
381,117,4
381,515,1
381,888,4
381,1017,4
381,1093,5
382,16,1
382,68,1
382,357,1
382,579,1
382,836,1
382,903,1
382,1235,1
383,338,3
383,831,3
383,969,3
383,1311,3
384,184,2
384,466,2
384,580,2
384,950,2
384,955,2
384,972,2
385,219,4
385,313,5
385,434,4
385,526,4
385,742,4
385,1059,4
385,1095,4
385,1345,4
385,1422,4
386,189,4
386,248,1
386,446,4
386,1262,4
387,148,4
387,182,4
387,284,4
387,701,4
387,796,1
387,1016,4
387,1064,4
387,1243,4
387,1293,4
388,93,2
388,140,2
388,601,2
388,776,2
388,933,2
388,1145,2
388,1250,2
389,73,2
389,336,2
389,392,5
389,509,2
389,933,2
389,1300,2
389,1342,2
390,4,3
390,165,3
390,843,3
391,50,1
391,113,1
391,181,1
391,359,1
391,781,1
391,1370,1
391,1377,1
392,604,3
392,751,3
392,839,3
393,595,2
393,655,2
393,1287,2
393,1419,5
394,8,5
394,115,5
394,678,5
394,731,5
394,1176,5
394,1224,5
395,45,4
395,483,4
395,884,1
395,956,4
395,1020,4
396,311,2
396,442,2
396,752,2
396,810,2
396,909,2
396,944,2
396,1202,2
396,1310,2
396,1400,1
397,161,4
397,207,4
397,990,4
397,1153,4
397,1317,4
397,1322,4
398,153,4
398,302,4
398,444,4
398,521,4
398,883,4
398,1009,4
398,1011,4
399,41,1
399,397,1
399,1133,1
399,1227,1
399,1416,1
400,55,4
400,63,4
400,381,4
400,603,4
400,613,4
400,755,4
400,864,4
400,1230,4
401,574,1
402,53,4
402,424,4
402,1169,5
402,1193,4
403,72,3
403,106,3
403,201,3
403,668,3
403,843,1
403,889,3
403,1135,3
403,1202,3
403,1417,3
404,56,3
404,236,3
404,396,3
404,1002,3
404,1066,3
405,242,3
405,336,3
405,708,3
405,873,3
405,1173,3
405,1350,3
406,131,4
406,198,4
406,263,4
406,306,4
406,717,4
406,719,4
406,1063,4
406,1378,1
407,107,4
407,206,4
407,247,4
407,661,4
407,738,4
407,848,4
407,863,4
407,947,4
407,1272,4
408,536,3
408,1122,3
409,242,2
409,438,2
409,565,2
409,1261,2
409,1285,2
410,203,2
410,208,2
410,360,2
410,905,2
410,1164,2
410,1276,2
410,1383,2
410,1410,2
411,275,1
411,318,1
411,790,1
411,991,1
412,14,1
412,50,1
412,96,1
412,507,1
412,750,1
412,751,1
412,1175,1
412,1203,1
412,1256,1
413,102,4
413,103,4
413,279,4
413,490,4
413,922,4
413,1065,4
413,1219,4
414,10,4
414,271,1
414,805,4
414,980,4
414,1052,4
414,1159,4
414,1193,4
414,1365,4
415,686,4
415,828,4
415,1057,4
415,1083,4
415,1150,4
416,107,4
416,113,1
416,161,4
416,333,4
416,783,4
416,870,4
417,971,4
417,1153,4
417,1396,4
418,112,4
418,447,4
418,1010,4
418,1343,4
419,221,1
419,270,3
419,656,3
419,807,3
419,935,3
419,963,3
419,1012,3
420,144,4
420,157,5
420,558,4
420,680,4
420,710,4
420,733,4
420,764,4
420,998,4
420,1313,5
420,1386,4
421,43,5
421,160,5
421,335,5
421,566,5
421,713,5
421,1153,5
422,772,4
422,822,4
422,1364,4
423,239,5
423,414,5
423,587,5
423,1114,5
423,1269,5
423,1288,5
424,69,4
424,135,4
424,174,4
424,518,4
424,1265,4
425,303,4
425,844,4
425,925,4
425,1340,4
425,1345,4
426,36,4
426,319,4
426,660,4
426,747,4
426,837,4
426,943,4
426,987,4
426,1372,4
427,144,5
427,519,5
427,601,5
427,663,5
427,1011,5
427,1134,5
427,1212,5
427,1266,5
428,337,4
428,528,4
428,657,4
428,680,4
428,700,4
428,1232,4
428,1256,4
429,85,1
429,341,1
429,753,1
429,975,1
430,39,4
430,44,4
430,61,4
430,355,4
430,379,4
430,404,4
430,591,4
430,934,4
431,20,1
431,291,1
431,489,1
431,548,1
431,1416,1
432,345,3
432,433,3
432,550,3
432,552,3
432,593,3
432,701,3
432,742,3
432,766,3
432,792,3
432,1016,3
432,1145,3
432,1171,3
433,49,3
433,362,3
433,409,3
433,519,3
433,856,3
433,1048,3
434,253,4
434,356,4
434,855,4
434,1323,4
435,359,1
435,380,1
435,759,1
436,132,5
436,151,5
436,258,5
436,449,5
436,579,5
436,687,5
436,854,5
436,1222,5
437,342,3
437,397,3
437,443,3
437,664,3
437,775,3
437,949,3
437,1062,1
438,483,3
438,863,3
439,565,1
439,628,2
439,1047,2
439,1094,2
440,362,5
440,393,5
440,1059,5
440,1092,5
440,1119,5
441,219,2
441,415,2
441,1204,2
442,56,2
442,65,2
442,811,2
443,219,3
443,386,1
443,417,3
443,506,3
443,621,3
443,983,3
443,1097,3
443,1130,3
444,169,5
444,205,5
444,344,5
444,388,5
444,850,5
444,924,5
444,1334,5
445,468,3
445,710,3
445,1338,3
445,1362,3
446,71,2
446,126,2
446,235,2
446,400,2
446,553,2
446,905,2
446,1135,5
447,91,4
447,238,4
447,456,4
447,660,4
447,1122,4
447,1282,4
447,1350,4
447,1408,4
448,54,1
448,82,1
448,465,1
448,624,1
448,699,1
448,1191,1
448,1385,1
449,13,4
449,72,4
449,480,4
449,716,4
449,766,4
449,804,4
449,806,4
449,1210,4
449,1238,5
449,1308,1
450,274,1
450,356,2
450,589,2
450,1014,2
451,30,1
451,677,1
451,718,1
451,756,1
451,783,5
451,1370,1
452,266,4
452,665,4
452,723,4
452,748,4
452,879,4
452,934,4
452,1108,4
452,1178,5
452,1230,4
453,130,4
453,581,4
453,694,4
453,702,1
453,838,4
453,885,4
453,951,4
453,1057,4
453,1094,4
453,1200,4
454,115,3
454,137,3
454,248,3
454,459,1
454,502,3
454,808,3
454,947,3
454,1025,3
454,1359,3
455,13,1
455,173,4
455,481,4
455,695,4
455,950,4
455,954,4
455,1411,4
456,238,4
456,239,1
456,351,4
456,427,4
456,1096,4
456,1352,4
457,135,4
457,147,4
457,581,4
457,703,4
457,1339,4
458,340,4
458,535,4
458,568,5
459,333,4
459,1412,4
460,705,2
460,815,2
460,972,1
460,1039,2
460,1200,2
460,1323,2
461,222,4
461,405,4
461,585,4
461,668,4
461,853,4
461,946,4
461,1022,4
461,1096,4
462,470,2
462,752,2
462,902,2
462,1000,2
463,132,4
463,337,4
463,422,4
463,770,4
463,952,4
463,1153,4
463,1281,4
463,1413,4
464,6,4
464,306,4
464,331,4
464,837,4
464,1067,4
464,1129,4
464,1210,4
464,1227,4
464,1342,4
465,71,4
465,108,4
465,429,4
465,701,4
465,807,4
465,1197,4
465,1262,4
465,1264,4
465,1267,4
466,72,4
466,296,4
466,331,4
466,1166,4
466,1170,4
467,348,1
467,441,1
467,815,1
467,1061,1
467,1173,1
468,1072,4
469,276,5
469,413,5
470,10,4
470,118,4
470,587,4
470,637,4
470,932,4
470,970,4
470,985,4
470,1087,4
470,1292,4
470,1374,4
471,319,5
471,522,5
471,719,5
471,813,5
471,1086,5
471,1127,5
472,347,2
472,1243,2
473,393,4
473,498,4
473,572,4
473,807,4
473,1379,4
474,39,4
474,238,4
474,442,4
474,979,4
474,1046,4
474,1054,4
474,1132,4
475,372,4
475,699,4
475,707,4
475,808,4
475,818,4
475,1172,4
475,1361,4
476,121,1
476,629,1
476,653,1
476,875,5
476,1296,1
476,1400,1
477,350,3
477,528,3
477,1158,3
477,1314,3
477,1416,3
478,370,1
478,956,1
478,1085,1
479,404,5
479,476,5
479,1170,5
480,117,2
480,153,2
480,340,2
480,640,2
481,32,4
481,331,4
481,609,4
481,782,4
481,1211,4
481,1222,4
481,1373,4
482,302,4
482,754,4
482,850,4
482,1013,4
482,1070,4
482,1080,4
483,277,2
483,308,2
483,732,2
483,771,2
483,1211,2
483,1277,2
484,1,1
484,259,1
484,707,1
484,811,1
484,1033,1
484,1290,1
485,83,2
485,98,5
485,245,2
485,364,2
485,610,5
485,1137,2
485,1219,2
485,1244,2
486,172,4
486,389,4
486,497,4
486,970,4
486,1062,4
486,1179,4
486,1196,4
487,238,2
487,362,2
487,492,2
487,530,2
487,730,2
487,1065,2
487,1085,2
487,1289,5
487,1309,5
488,6,1
488,144,1
488,371,5
488,737,1
488,872,1
488,974,1
488,1061,1
488,1186,1
489,370,3
489,678,3
489,907,3
489,940,3
489,1267,3
489,1323,3
490,11,2
490,200,2
490,376,2
490,377,2
490,577,2
490,767,2
491,217,2
491,281,2
491,479,2
491,780,2
491,1298,2
492,404,4
492,444,4
492,612,4
492,659,4
492,694,4
492,1065,4
493,40,4
493,93,4
493,747,4
493,840,4
493,876,4
493,1230,4
494,266,4
494,280,4
494,548,4
494,594,4
494,641,4
494,766,4
494,775,4
494,855,4
494,910,4
494,921,4
494,1372,4
495,136,3
495,278,3
495,356,3
495,528,3
495,623,3
495,681,3
495,685,1
495,1150,3
495,1286,3
495,1355,3
495,1377,3
495,1382,3
496,96,1
496,182,5
496,637,5
496,985,5
497,421,2
497,846,2
497,966,2
497,1035,2
497,1105,2
497,1265,2
498,295,2
498,489,2
498,725,2
498,837,2
498,973,2
498,1082,2
498,1226,2
499,270,2
499,342,2
499,348,2
499,364,2
499,802,2
499,916,2
499,975,2
500,3,5
500,337,5
500,482,5
500,723,5
500,1041,5
500,1144,1
500,1247,5
500,1362,5
501,70,4
501,332,4
501,516,4
501,553,4
501,923,4
501,1162,5
501,1320,4
502,98,1
502,421,1
502,1065,1
502,1270,1
502,1297,1
503,644,1
503,731,1
503,1221,1
503,1248,1
503,1317,1
504,82,1
504,86,1
504,107,1
504,627,1
504,1055,1
504,1257,1
505,149,4
505,258,4
505,277,4
505,294,4
506,21,1
506,120,1
506,1276,1
506,1328,1
506,1352,1
507,4,1
507,224,1
507,619,1
508,46,1
508,445,3
508,780,3
508,843,3
508,1081,3
508,1092,3
508,1100,3
508,1165,3
508,1208,3
509,188,3
509,427,3
509,467,3
509,690,1
509,701,3
509,910,3
509,1096,3
509,1102,3
509,1121,3
509,1209,3
510,266,2
510,274,2
510,775,2
510,784,2
511,4,4
511,201,4
511,314,4
511,419,4
511,545,4
511,1130,4
511,1152,4
511,1212,5
511,1386,4
512,60,2
512,94,2
512,431,2
512,901,5
512,1082,2
513,509,2
513,521,2
513,590,2
513,1056,2
513,1297,2
514,327,1
514,925,1
514,1014,1
514,1264,1
515,193,2
515,230,5
515,239,2
515,545,2
515,697,2
515,1215,2
516,22,4
516,231,4
516,308,4
516,337,4
516,753,4
516,838,4
516,926,4
517,51,1
517,225,1
517,369,1
517,384,1
517,737,1
517,832,1
517,906,1
517,977,1
517,989,1
517,1414,1
518,341,4
518,588,4
518,899,4
518,913,4
518,1167,4
518,1228,4
519,57,4
519,141,4
519,328,4
519,387,4
519,942,4
519,1231,4
520,38,4
520,47,4
520,238,4
520,268,4
520,457,4
520,797,5
520,826,4
520,1104,4
520,1181,4
520,1212,4
521,188,4
521,383,4
521,471,4
521,610,4
521,747,4
521,778,4
521,921,4
522,137,4
522,185,4
522,272,4
522,858,4
522,1352,4
522,1400,4
523,98,3
523,377,3
523,613,1
523,720,1
523,939,3
523,1132,3
523,1318,3
524,13,1
524,53,4
524,122,4
524,191,1
524,358,4
524,470,4
524,788,1
524,923,4
524,1025,4
524,1152,4
524,1381,5
525,281,3
525,290,3
525,386,3
525,539,3
525,1055,3
526,116,3
526,521,3
526,636,3
526,873,3
526,1315,3
526,1398,3
527,222,4
527,299,4
527,945,4
527,987,4
527,1021,4
527,1117,4
528,422,3
528,428,3
528,608,3
528,726,3
528,813,3
528,817,3
528,1174,3
529,3,2
529,24,2
529,38,5
529,402,2
529,517,2
529,521,2
529,623,2
529,630,2
529,634,2
529,876,2
529,1270,2
529,1320,2
530,163,3
530,256,3
530,269,3
530,298,3
530,440,3
530,618,3
530,1118,3
531,140,4
531,148,4
531,152,4
531,506,4
531,704,4
531,843,4
531,1206,4
532,463,5
532,1074,4
532,1305,4
533,415,4
533,623,4
533,751,4
533,794,4
533,1031,4
534,313,5
534,570,5
534,577,5
534,578,5
534,874,5
534,1236,5
535,828,3
535,892,3
535,1033,3
535,1159,3
536,202,4
536,204,4
536,208,4
536,423,4
536,424,1
536,642,1
536,852,4
536,1095,4
536,1196,4
537,67,4
537,374,4
537,474,4
537,544,4
537,777,4
537,1362,4
538,269,2
538,399,2
538,498,2
538,520,2
538,689,2
538,940,1
538,1095,2
538,1239,2
538,1322,2
539,4,3
539,59,3
539,161,3
539,725,3
539,833,3
539,1184,3
539,1229,3
540,205,5
540,282,5
540,320,5
540,445,5
540,1098,5
541,164,4
541,190,4
541,350,4
541,577,4
541,671,4
541,840,4
541,1283,4
541,1370,4
542,501,4
542,817,4
543,61,4
543,99,4
543,170,4
543,291,4
543,314,4
543,331,4
543,522,4
543,882,4
543,1103,5
543,1121,4
544,101,4
544,340,4
544,476,4
544,591,4
544,612,4
544,874,4
545,83,2
545,416,2
545,451,2
545,510,2
545,869,2
545,915,2
546,280,3
546,596,3
546,617,3
546,620,3
546,1379,3
547,8,1
547,471,1
547,565,1
547,1386,1
548,345,4
548,366,4
548,804,4
548,1331,5
548,1362,4
549,199,3
549,733,3
549,1066,3
550,330,2
550,947,2
550,956,2
550,998,2
550,1006,2
550,1236,2
551,24,4
551,182,4
551,477,4
551,837,4
551,888,4
551,1060,4
551,1262,4
551,1311,4
552,687,2
552,696,2
552,1221,5
553,409,3
554,308,5
554,365,5
554,682,5
554,884,5
554,909,5
555,116,4
555,395,4
555,497,4
555,737,4
555,912,4
555,1049,4
556,21,2
556,198,2
556,334,2
556,853,2
556,901,2
556,1024,2
556,1077,2
557,208,5
557,260,5
557,686,5
557,1029,5
557,1165,5
558,497,2
558,1219,2
559,179,1
559,494,1
559,906,1
559,1109,1
559,1199,1
559,1336,1
560,88,2
560,203,2
560,257,2
560,509,2
560,573,2
560,720,2
560,893,2
560,1064,2
560,1317,2
561,264,4
561,364,4
561,544,4
561,708,4
561,746,4
561,843,4
561,845,4
561,991,4
561,1140,4
561,1144,4
561,1344,4
561,1394,4
562,365,2
562,394,2
562,443,2
562,591,2
562,1172,2
562,1372,2
563,411,5
563,507,5
563,925,5
564,282,1
564,361,1
564,416,1
564,908,1
564,1090,1
564,1288,1
565,295,4
565,315,4
565,354,5
565,414,4
565,526,4
565,1402,4
566,80,4
566,84,5
566,441,4
566,729,4
566,962,1
566,1031,4
566,1173,4
566,1257,4
567,55,5
567,499,5
567,717,5
567,1184,5
568,497,4
568,957,1
568,1115,4
568,1289,4
569,22,4
569,519,4
569,597,4
569,1035,4
569,1388,4
570,93,5
570,819,5
570,1245,5
571,716,4
571,776,4
571,1243,4
572,201,2
572,282,2
572,375,2
572,407,2
572,666,2
572,881,2
572,899,5
572,1061,2
572,1421,2
573,59,4
573,199,4
573,318,4
573,341,4
573,387,4
573,809,4
573,1116,4
573,1205,4
574,199,5
574,388,4
574,400,4
574,569,4
574,871,4
574,910,4
574,973,4
574,1339,4
575,226,4
575,323,4
575,642,4
575,727,4
575,1340,4
575,1367,4
576,622,2
576,714,2
576,1177,2
576,1204,2
577,128,1
577,152,1
577,242,1
577,554,1
577,607,1
577,663,1
577,1064,1
578,380,1
578,711,1
578,899,1
578,1107,1
578,1157,1
578,1376,1
578,1409,1
579,27,2
579,421,2
579,540,2
579,550,2
579,618,2
579,972,2
579,1088,2
579,1224,2
580,70,4
580,95,1
580,621,4
580,1277,4
581,29,4
581,62,4
581,221,4
581,495,4
581,626,4
581,655,4
581,669,4
581,1098,4
581,1417,4
582,519,3
582,710,3
582,778,3
582,832,3
582,976,3
582,989,3
583,521,1
583,1069,1
583,1072,1
583,1178,1
583,1185,1
583,1389,1
584,106,4
584,124,4
584,202,4
584,354,4
584,357,4
584,414,4
584,549,4
584,603,4
584,718,4
584,1243,4
584,1316,4
585,580,4
585,926,4
585,1057,4
585,1213,4
585,1298,4
585,1411,4
586,67,3
586,382,3
586,523,3
586,618,3
586,1075,3
587,324,4
587,418,4
587,674,4
587,819,4
588,6,4
588,72,4
588,172,4
588,200,4
588,383,4
588,386,4
588,391,4
588,474,4
588,609,4
588,760,4
588,934,4
588,1299,4
588,1344,4
588,1370,4
589,614,1
589,971,1
589,1163,1
590,93,5
590,351,5
590,551,5
590,739,5
590,865,1
590,946,5
590,1031,5
590,1305,5
591,825,2
591,1001,2
591,1150,2
592,18,4
592,130,4
592,171,1
592,439,4
592,570,4
592,926,4
592,1011,4
592,1129,4
592,1256,4
593,137,5
593,182,5
593,278,5
593,353,5
593,387,5
593,422,5
593,891,5
593,918,5
593,995,5
593,1198,5
594,310,3
594,587,3
594,835,3
594,855,3
594,1036,3
594,1135,3
594,1342,3
595,119,1
595,245,1
595,474,1
595,556,1
595,717,1
596,120,1
596,214,1
596,427,1
596,460,1
596,621,1
596,667,1
596,1036,1
596,1201,1
596,1205,1
597,618,4
597,855,4
597,905,4
597,1138,4
597,1168,4
598,174,3
598,317,3
598,632,3
598,1405,3
599,881,5
599,970,5
599,1049,5
599,1160,5
599,1314,5
600,17,1
600,23,1
600,98,1
600,260,1
600,513,1
600,751,1
601,263,4
601,385,4
601,435,4
601,486,4
601,719,4
602,599,2
602,698,2
602,1075,2
602,1100,2
602,1242,2
603,193,2
603,1032,2
603,1216,2
604,18,4
604,106,4
604,551,4
604,588,4
604,769,4
604,936,4
605,628,4
605,756,4
605,847,4
605,849,4
605,1022,4
606,204,4
606,214,4
606,613,4
606,935,4
606,1064,4
606,1268,4
607,196,1
607,248,1
607,284,1
607,384,1
607,427,1
607,502,1
607,594,1
607,782,1
607,1126,1
607,1264,1
608,183,5
608,351,5
608,484,5
608,823,5
608,1011,5
608,1102,5
608,1188,5
608,1225,5
609,479,4
609,948,5
609,995,4
610,40,3
610,587,3
610,683,3
610,892,3
610,1326,3
610,1351,3
611,355,3
611,357,3
611,359,3
611,486,3
611,879,3
611,954,3
611,966,3
611,971,3
611,1061,3
611,1154,3
611,1414,3
612,277,3
612,325,3
612,924,3
612,1216,3
613,116,1
613,167,1
613,192,1
613,295,1
613,407,1
613,434,1
613,554,1
613,755,1
613,801,1
613,1353,1
614,253,3
614,329,3
614,457,3
614,648,3
614,817,3
614,1122,3
614,1373,3
615,6,4
615,47,4
615,78,4
615,255,4
615,265,4
615,479,4
615,635,4
615,713,1
615,826,4
615,1017,4
615,1071,4
616,74,1
616,79,1
616,264,1
616,451,1
616,597,1
616,643,1
616,942,1
616,1041,1
616,1361,1
617,20,4
617,26,4
617,27,4
617,113,5
617,220,4
617,288,4
617,343,1
617,1226,4
618,37,1
618,443,1
618,495,1
618,622,1
618,823,1
618,1064,1
618,1315,1
619,241,4
619,432,5
619,460,4
619,578,4
619,1208,4
619,1277,4
619,1285,4
620,149,3
620,617,5
620,728,3
620,812,3
620,963,3
620,1065,3
620,1299,3
620,1327,3
621,1364,3
622,579,4
622,719,4
622,896,4
622,1008,4
622,1078,4
622,1338,4
623,224,2
623,422,2
623,721,2
623,732,2
623,916,2
623,1204,2
623,1358,2
624,95,1
624,353,1
624,650,1
624,716,1
624,878,1
624,1160,1
624,1182,1
624,1246,1
624,1294,1
625,14,3
625,47,3
625,233,5
625,434,3
625,448,3
625,484,3
625,493,3
625,730,3
625,823,3
625,1186,3
625,1349,3
626,395,1
626,674,1
626,1247,1
626,1270,1
626,1408,1
627,553,1
627,554,1
627,1153,1
627,1403,1
628,32,3
628,88,3
628,228,3
628,582,3
628,611,3
628,857,3
628,896,3
628,991,3
628,1207,3
628,1365,3
628,1382,3
629,260,4
629,290,4
629,443,4
629,459,4
629,838,4
629,1057,4
629,1140,4
630,648,4
630,994,4
630,1158,4
630,1270,4
631,426,4
631,792,4
631,908,4
631,1178,1
631,1424,4
632,66,5
632,151,5
632,204,5
632,981,5
632,1094,5
633,186,4
633,356,4
633,665,4
633,855,4
633,1126,4
633,1335,4
633,1392,4
634,1,5
634,467,5
634,925,5
634,1004,5
634,1017,5
635,263,5
635,355,5
635,360,5
635,372,5
635,487,5
635,558,5
635,661,5
635,715,5
635,790,5
636,233,5
636,387,2
636,505,2
636,892,2
636,1345,2
636,1393,2
637,9,5
637,645,5
637,707,5
637,742,5
637,1253,5
638,178,4
638,287,4
638,726,4
638,1270,4
638,1418,4
639,104,1
639,962,1
640,237,4
640,301,4
640,314,4
640,360,4
640,715,4
640,848,4
640,1015,4
640,1097,4
641,95,3
641,227,3
641,250,3
641,338,3
641,604,3
641,841,3
641,1236,3
641,1254,3
641,1363,3
642,126,3
642,180,3
642,267,5
642,674,3
642,769,3
642,772,3
642,1005,3
642,1221,3
643,363,2
643,600,2
643,696,2
643,1081,2
643,1288,2
643,1362,2
644,122,3
644,239,3
644,277,3
644,435,3
644,464,3
644,488,3
644,806,3
644,1117,3
644,1339,3
645,251,3
645,261,3
645,559,5
645,947,3
646,36,2
646,63,2
646,427,2
646,460,2
646,710,2
646,746,2
646,974,2
646,1129,2
646,1197,2
646,1283,2
647,33,4
647,249,4
647,310,4
647,439,4
647,452,4
647,793,4
647,846,4
647,924,4
647,1008,4
647,1178,4
647,1204,4
647,1231,4
648,25,1
648,399,1
648,755,1
648,1090,1
648,1150,1
648,1278,1
649,71,4
649,464,4
649,655,4
649,882,4
649,1236,4
650,466,1
650,547,1
650,839,1
650,857,1
650,876,1
650,921,1
650,1028,1
650,1206,1
650,1375,1
651,209,5
651,228,1
651,512,2
651,526,2
651,591,2
651,854,2
651,1001,2
651,1224,2
652,43,2
652,45,2
652,137,2
652,213,2
652,256,2
652,314,2
652,1276,2
653,156,4
653,166,4
653,311,4
653,478,4
653,657,4
653,762,4
653,992,4
653,1122,4
653,1353,4
654,274,2
654,482,2
654,564,2
654,568,2
654,677,2
654,793,2
654,849,2
654,886,2
654,984,2
654,1355,2
655,248,3
655,426,3
655,1001,3
655,1006,3
655,1007,3
655,1150,3
655,1260,3
656,29,3
656,163,3
656,195,3
656,455,3
656,495,3
656,960,3
656,970,3
656,1187,3
656,1266,3
657,69,4
657,77,4
657,102,4
657,436,4
657,1324,4
658,689,3
658,698,3
659,406,1
659,994,1
659,1037,1
659,1288,1
660,129,4
660,320,4
660,342,4
660,607,4
660,732,4
660,1220,4
660,1387,4
661,187,4
661,410,4
661,491,4
661,847,4
661,1268,1
662,194,5
662,602,3
662,647,3
662,684,3
662,688,3
662,1277,3
663,63,3
663,71,3
663,280,3
663,392,3
663,397,3
663,439,3
663,588,3
663,1422,3
664,561,4
664,605,4
664,824,4
664,1033,4
664,1402,4
665,141,4
665,304,4
665,657,4
665,722,4
665,1341,4
666,169,3
666,1054,3
666,1128,3
667,174,1
667,548,4
667,775,4
667,1099,4
667,1206,4
668,37,1
668,338,1
668,455,1
668,574,1
669,587,1
669,653,1
669,737,1
669,1108,1
669,1121,1
669,1160,1
669,1330,1
669,1391,1
670,142,4
670,210,4
670,348,4
670,830,4
671,370,5
671,415,5
671,856,5
671,871,5
671,1368,5
671,1395,5
672,95,2
672,222,2
672,386,2
672,581,2
672,819,2
672,958,2
673,302,4
673,467,4
673,602,4
673,620,4
673,651,4
673,770,4
673,929,4
674,402,3
674,411,3
674,532,3
674,652,3
674,869,3
675,221,2
675,268,2
675,376,2
675,462,2
675,617,1
675,762,2
675,808,2
675,1053,2
676,181,5
676,265,5
676,565,5
676,772,5
676,1042,5
677,21,4
677,37,4
677,168,4
677,182,4
677,225,4
677,496,4
677,555,4
677,832,4
677,970,4
677,991,4
677,1157,4
677,1184,4
678,51,1
678,209,1
678,758,1
678,1226,1
678,1398,1
679,9,4
679,77,4
679,738,4
679,785,4
679,834,4
679,1106,4
679,1302,4
680,194,4
680,238,4
680,346,4
680,676,4
680,1204,4
681,360,4
681,381,4
681,444,4
681,995,4
681,999,4
682,577,2
682,676,2
682,1131,2
683,84,1
683,286,1
683,605,1
683,854,1
683,904,1
683,1253,1
683,1359,1
683,1420,1
684,220,1
684,286,1
684,698,1
684,879,1
684,1221,1
684,1277,1
685,208,1
685,256,1
685,545,1
685,717,1
685,786,1
685,804,1
685,969,1
685,980,1
685,1047,1
685,1185,1
685,1327,1
685,1394,1
686,283,4
686,410,4
686,584,4
686,803,5
686,1399,4
687,69,3
687,705,3
687,968,3
687,1164,3
687,1340,3
688,212,4
688,726,4
688,814,4
688,1098,4
688,1263,4
688,1330,4
689,255,3
689,602,3
689,664,3
689,1406,3
690,812,3
690,1023,3
690,1409,3
690,1422,3
691,45,2
691,167,2
691,184,2
691,278,2
691,615,2
691,661,2
691,719,2
691,747,2
691,877,2
691,962,2
691,1076,2
691,1203,2
691,1234,2
692,802,2
692,1014,2
692,1194,2
692,1217,2
693,76,3
693,298,3
693,397,3
693,461,3
693,672,3
693,1157,3
694,622,1
694,778,1
694,920,1
695,237,3
695,494,3
695,1164,3
695,1274,3
696,239,2
696,387,2
696,415,2
696,474,2
696,1242,2
697,400,1
697,1026,1
697,1210,1
698,20,1
698,568,1
698,891,1
698,1103,1
698,1267,1
699,366,3
699,561,3
699,625,3
699,638,3
699,744,3
699,948,3
699,1208,3
700,349,5
700,360,5
700,560,5
700,795,5
700,969,5
700,1007,5
700,1074,5
700,1195,5
700,1215,5
700,1241,5
701,75,4
701,174,4
701,368,4
701,565,4
701,631,4
701,780,4
701,911,4
701,996,4
701,1037,4
701,1077,4
701,1215,4
701,1307,4
701,1393,4
702,8,4
702,214,4
702,479,4
702,809,4
702,813,4
702,1065,4
702,1255,4
703,257,5
703,398,5
703,457,5
703,506,5
703,583,5
703,599,5
703,669,5
703,824,5
703,1055,5
703,1114,5
703,1127,5
703,1413,5
704,162,4
704,215,4
704,327,4
704,522,4
704,780,4
704,941,4
704,1066,4
704,1170,4
705,327,2
705,706,2
705,897,2
705,962,2
705,1056,2
706,200,4
707,272,2
707,379,2
707,390,2
707,666,2
707,1265,2
708,504,4
708,623,4
708,645,4
708,717,4
708,723,4
708,1363,4
709,75,3
709,195,3
709,468,3
709,521,3
709,827,3
709,1058,3
709,1078,3
709,1227,3
710,63,1
710,285,1
710,299,1
710,514,1
710,555,1
710,806,1
710,809,1
710,1247,1
710,1391,1
711,81,1
711,345,1
711,438,1
711,676,1
711,827,1
711,961,1
711,1350,1
711,1403,1
712,101,2
712,360,2
712,507,2
712,557,2
712,854,2
712,1377,2
713,135,3
713,310,3
713,550,3
713,639,3
713,857,3
713,985,3
713,1066,3
713,1260,3
714,23,2
714,667,2
714,673,2
714,854,2
714,897,2
714,1089,2
715,76,2
715,81,2
715,237,2
715,285,2
715,366,2
715,372,2
715,391,2
715,626,2
715,757,2
715,878,2
715,939,2
716,25,1
716,237,1
716,259,1
716,336,1
716,434,1
716,541,1
716,681,1
716,1016,1
716,1345,1
717,40,1
717,257,1
717,273,1
717,440,1
717,871,1
717,1057,1
717,1110,1
717,1235,5
718,202,5
718,328,5
718,388,5
718,519,5
718,569,5
718,1311,5
719,313,4
719,539,4
719,883,4
719,1193,4
719,1254,4
720,13,3
720,43,3
720,336,3
720,388,3
720,416,3
720,624,1
720,704,3
720,997,3
720,1070,3
721,525,5
721,578,3
721,751,3
721,914,3
722,162,1
722,724,1
722,899,1
722,937,1
723,43,1
723,262,1
723,279,1
723,576,1
723,667,1
723,702,1
723,1205,1
723,1218,1
723,1283,1
724,33,5
724,214,4
724,513,4
724,800,4
724,1008,4
724,1033,4
725,23,4
725,46,4
725,72,4
725,145,4
725,179,4
725,293,4
725,346,4
725,498,4
725,703,4
725,704,4
725,821,4
725,948,4
725,982,4
726,305,1
726,503,1
726,755,1
726,762,1
726,774,1
726,867,1
726,929,1
726,1332,1
726,1413,1
727,655,4
727,823,4
727,1006,4
727,1012,4
727,1023,4
727,1206,4
728,816,5
728,935,5
728,1033,5
728,1263,5
728,1289,5
729,692,5
729,758,5
730,24,2
730,52,5
730,94,2
730,111,2
730,222,2
730,533,2
730,1242,2
730,1319,2
731,136,1
731,289,1
731,926,1
731,1199,1
731,1335,1
732,295,5
732,320,2
732,368,2
732,478,2
732,480,2
732,554,2
732,916,2
732,958,2
732,1281,2
733,41,4
733,57,4
733,337,4
733,372,4
733,668,4
733,703,4
733,992,4
733,1023,4
734,97,4
734,316,4
734,710,4
734,845,4
734,1261,4
735,2,3
735,76,3
735,184,3
735,364,3
735,923,3
735,980,3
735,1047,3
735,1157,3
736,370,2
736,634,2
736,658,2
736,1155,2
736,1292,2
736,1410,2
737,111,4
737,319,4
737,863,4
737,1009,4
737,1229,4
738,159,5
738,201,4
738,252,4
738,581,4
738,793,4
738,876,4
738,1050,4
738,1075,5
738,1359,4
739,464,3
739,471,3
739,576,3
739,767,3
739,942,1
739,1146,3
739,1166,3
739,1332,3
739,1408,3
740,521,3
740,551,3
740,631,3
740,899,3
740,1024,3
740,1126,3
740,1184,3
740,1196,3
740,1316,3
740,1375,3
741,397,1
741,481,1
741,662,1
741,714,1
741,854,1
741,1146,1
741,1193,1
742,6,4
742,35,4
742,264,4
742,343,4
742,461,4
742,629,4
742,1008,4
742,1152,4
742,1343,4
742,1370,4
743,36,5
743,177,5
743,257,5
743,714,5
743,866,5
743,1073,5
743,1244,5
743,1378,5
744,76,2
744,275,2
744,489,2
744,809,2
744,937,5
744,1253,2
745,723,3
746,1021,2
746,1073,2
746,1417,2
747,49,1
747,168,1
747,341,1
747,383,1
747,482,1
747,703,1
747,989,1
747,1059,1
747,1079,1
748,29,3
748,76,3
748,249,3
748,505,5
748,643,3
748,651,3
748,1321,3
749,18,1
749,1236,1
750,151,3
750,175,3
750,398,3
750,906,3
750,964,3
750,1036,3
750,1101,1
750,1345,3
751,92,3
751,460,3
751,688,3
751,1255,3
751,1362,3
752,22,1
752,294,1
752,332,1
752,484,1
752,559,1
752,637,1
752,1019,1
753,407,1
753,862,1
753,1076,1
753,1282,1
753,1289,1
753,1354,1
754,172,2
754,215,2
754,316,2
754,572,2
754,659,2
755,379,4
755,679,5
755,873,4
755,922,4
756,76,2
756,295,2
756,311,2
756,573,2
756,716,2
756,1128,2
756,1411,2
757,27,4
757,294,4
757,529,1
757,928,1
757,1258,4
758,65,2
758,829,2
758,990,2
758,1286,2
758,1347,2
759,255,4
759,1016,4
759,1017,4
759,1192,4
759,1199,4
759,1201,4
760,32,3
760,343,3
760,374,3
760,1009,3
760,1101,3
761,7,3
761,568,3
761,711,3
761,811,3
761,1085,3
761,1129,3
761,1199,3
761,1377,3
762,413,4
762,459,4
762,678,4
762,812,4
762,1241,4
763,23,2
763,1003,2
763,1235,2
763,1343,2
764,486,5
764,745,5
764,885,5
764,960,5
764,1089,5
765,66,4
765,89,4
765,586,4
765,1205,4
765,1320,4
765,1327,4
766,413,4
766,682,4
766,1091,4
766,1279,4
766,1308,1
766,1383,4
767,23,1
767,53,1
767,82,1
767,214,1
767,318,1
767,692,1
767,808,1
767,1263,1
768,59,4
768,456,4
768,459,4
768,633,4
768,684,4
768,702,5
768,719,4
768,1377,4
769,22,1
769,855,1
770,211,2
770,406,2
770,689,2
770,881,5
770,918,2
770,928,2
770,1332,2
770,1361,2
771,70,2
771,146,2
771,282,2
771,409,2
771,727,2
771,1046,2
771,1152,2
772,60,3
772,258,1
772,367,3
772,494,3
772,941,3
772,970,3
772,1204,3
773,754,5
774,405,4
774,406,4
774,441,4
774,496,4
774,549,4
774,943,4
774,1203,4
774,1396,4
774,1411,4
775,726,4
775,1067,4
775,1168,4
775,1173,4
775,1271,4
776,34,2
776,1065,2
776,1142,2
777,276,2
777,442,2
777,1101,2
777,1306,2
777,1411,2
778,169,1
778,301,1
778,919,5
778,1067,1
778,1088,5
778,1157,1
779,21,1
779,345,1
779,365,1
779,870,1
779,958,1
779,1001,1
779,1247,1
779,1329,1
780,278,1
780,317,1
780,339,1
780,436,1
780,505,1
780,1005,1
780,1175,1
780,1214,1
781,12,4
781,247,4
781,260,4
781,303,4
781,594,4
781,660,4
781,1338,4
782,32,5
782,158,5
782,558,5
782,656,5
782,735,5
782,776,5
782,1402,5
782,1403,5
783,313,3
783,488,1
783,507,3
783,903,3
783,921,3
783,926,3
783,1099,3
783,1120,3
783,1145,3
783,1178,3
784,592,4
784,791,4
784,803,4
784,892,4
784,945,4
784,965,4
784,1084,4
784,1086,4
784,1125,4
784,1275,4
784,1299,4
785,787,4
785,921,4
785,1183,4
786,85,5
786,89,3
786,105,3
786,911,1
786,1403,3
787,46,1
787,141,1
787,541,1
787,646,1
787,651,1
787,691,1
787,952,1
787,992,1
787,994,1
787,1058,1
788,261,5
788,800,5
788,916,5
788,950,5
788,969,5
788,1355,5
789,11,3
789,103,3
789,354,3
789,779,3
789,1032,3
789,1058,3
790,153,1
790,323,3
790,602,3
790,607,3
790,1137,3
790,1383,3
791,62,2
791,305,2
791,1043,2
791,1394,2
792,111,4
792,722,4
792,1273,4
793,69,1
793,450,5
793,598,1
793,649,1
793,696,1
793,1079,1
793,1148,1
794,84,3
794,91,3
794,382,3
794,389,3
794,621,3
794,671,3
794,699,3
794,742,3
794,755,3
794,763,3
794,862,3
794,966,3
794,1164,3
794,1188,5
794,1216,3
794,1219,3
795,112,4
795,840,4
795,1042,4
795,1285,4
796,383,1
796,893,1
796,912,1
796,1150,1
796,1165,1
796,1191,1
797,427,2
797,674,2
797,864,2
797,1170,2
797,1348,2
797,1400,2
798,244,4
798,303,4
798,1201,4
799,7,3
799,97,3
799,431,3
799,469,3
799,1061,3
800,13,5
800,159,4
800,417,4
800,439,4
800,722,4
800,728,4
800,797,4
800,1093,4
800,1179,4
801,102,5
801,216,5
801,628,5
801,691,5
801,1108,5
801,1328,5
802,424,2
802,989,2
802,1175,2
802,1180,2
803,142,4
803,202,4
803,414,4
803,439,4
803,735,4
803,1185,4
804,53,1
804,72,1
804,323,1
804,606,1
804,754,1
804,863,1
804,893,1
804,1293,1
804,1377,1
805,980,1
805,986,1
805,1202,1
805,1309,1
806,162,5
806,273,3
806,391,5
806,432,3
806,456,3
806,1023,3
807,51,3
807,296,3
807,464,3
807,858,3
807,1112,3
808,121,2
808,260,2
808,959,2
808,1102,2
808,1296,2
809,527,1
809,707,1
809,816,1
810,274,2
810,321,2
810,585,2
810,669,2
810,1228,2
810,1335,2
811,44,3
811,84,3
811,1077,3
811,1190,3
811,1290,3
811,1368,3
812,423,1
812,536,1
812,694,1
812,1336,1
813,40,4
813,93,4
813,171,4
813,417,4
813,442,4
813,804,4
813,1207,4
813,1244,4
813,1324,4
813,1331,4
813,1415,4
814,81,1
814,167,1
814,441,1
814,578,1
814,726,1
814,887,1
814,964,1
814,1051,1
814,1184,1
814,1376,1
815,375,3
815,438,3
815,647,3
815,1406,3
816,820,5
816,919,5
816,1026,5
816,1156,1
816,1265,5
816,1390,5
817,9,1
817,409,1
817,445,1
817,846,1
817,1051,1
818,69,2
818,154,2
818,185,2
818,958,2
818,1369,2
819,51,4
819,444,4
819,473,4
819,564,4
819,616,4
819,866,4
819,1087,4
819,1196,4
819,1308,4
820,572,5
820,672,5
820,1016,5
820,1105,5
821,264,4
821,342,4
821,537,4
821,981,4
821,1137,4
821,1421,5
822,58,4
822,592,4
822,675,4
822,689,4
822,1213,4
822,1301,4
822,1397,4
823,51,3
823,117,3
823,229,3
823,423,3
823,516,3
823,715,3
823,888,3
823,906,3
823,1150,3
823,1261,3
823,1351,3
823,1395,3
824,42,4
824,145,4
824,268,1
824,620,4
824,697,4
825,315,2
825,457,2
825,520,2
825,977,2
826,230,2
826,472,2
826,950,2
826,1360,1
827,719,3
828,312,4
828,518,4
828,541,5
828,1020,4
828,1142,4
828,1162,4
829,101,4
829,119,4
829,429,4
829,632,4
829,687,4
829,1027,4
829,1244,4
829,1340,4
829,1397,4
830,74,2
830,422,2
830,449,2
830,638,2
830,1242,2
831,163,4
831,225,4
831,368,4
831,815,4
832,107,4
832,1104,4
833,229,2
833,549,2
833,701,2
833,919,2
833,1093,2
833,1105,2
834,335,5
834,377,5
834,533,5
834,766,5
834,934,1
834,1101,5
834,1342,5
835,30,4
835,442,4
835,704,4
835,801,4
835,1390,4
836,326,4
836,407,4
836,641,4
836,860,4
836,1136,4
836,1252,4
837,77,5
837,171,5
837,671,5
837,776,5
837,1008,5
837,1124,5
838,163,5
838,166,5
838,198,5
838,392,5
838,413,5
838,472,5
838,648,5
838,750,5
838,910,5
838,914,5
838,1006,5
838,1231,5
838,1314,5
839,99,4
839,473,4
839,1014,4
839,1084,4
839,1375,4
840,23,1
840,380,1
840,467,1
840,552,1
840,844,1
840,980,1
840,1206,1
840,1295,1
841,80,3
841,279,3
841,840,3
841,1368,3
842,16,2
842,234,2
842,248,2
842,333,2
842,738,2
842,1421,2
843,17,3
843,379,3
843,536,3
843,666,3
843,671,3
843,726,3
843,1292,3
843,1353,3
843,1363,3
844,49,4
844,396,4
844,594,4
844,812,4
844,970,4
844,989,4
844,1084,4
844,1292,4
844,1305,4
845,56,5
845,266,5
845,285,5
845,503,5
845,884,5
845,1288,5
846,4,1
846,196,5
846,275,1
846,376,1
846,809,1
846,922,1
846,1293,1
847,20,4
847,423,4
847,509,4
847,839,5
847,1199,4
847,1381,4
848,508,3
848,745,3
848,852,3
848,881,3
848,1393,3
849,236,2
849,586,2
849,667,2
849,720,2
849,887,2
849,1123,2
849,1199,2
849,1222,2
849,1254,1
849,1419,2
850,131,2
850,153,2
850,280,2
850,348,2
850,429,2
850,440,2
850,634,2
850,939,2
851,15,4
851,17,4
851,256,4
851,314,4
851,316,4
851,538,4
851,605,4
851,1324,4
851,1402,4
852,19,4
852,149,4
852,435,4
852,503,4
852,1158,4
852,1240,4
853,324,5
853,431,5
853,440,5
853,441,5
853,534,5
853,821,5
853,872,5
853,1248,1
853,1367,5
854,118,3
854,422,3
854,797,3
854,1149,3
855,125,4
855,142,4
855,370,4
855,378,4
855,548,4
855,952,4
855,1042,4
855,1329,4
855,1341,4
855,1401,4
856,62,1
856,706,1
857,73,5
857,1341,5
858,308,4
858,353,4
858,654,4
858,886,4
858,905,4
858,926,4
858,1336,4
858,1363,4
859,83,3
859,86,5
859,251,3
859,460,3
859,549,3
859,795,3
859,1102,3
859,1218,3
860,105,1
860,392,1
860,453,1
860,463,1
860,1078,1
860,1274,1
860,1338,1
861,58,2
861,222,2
861,243,2
861,440,2
861,603,2
861,1036,2
861,1330,2
861,1345,2
862,58,1
862,210,1
862,362,1
862,593,1
862,706,1
862,925,1
862,1018,1
862,1121,1
863,97,1
863,195,1
863,503,1
863,529,1
863,1202,1
863,1321,1
864,366,2
864,648,2
865,16,4
866,110,4
866,349,4
866,1212,4
866,1342,4
867,45,1
867,336,1
867,591,1
867,787,1
867,974,1
867,1153,1
868,161,3
868,423,3
868,477,3
868,756,3
868,941,3
868,947,5
868,1281,3
869,558,4
869,647,4
869,858,4
869,1046,4
870,367,5
870,396,5
870,761,5
870,1206,5
870,1341,5
871,269,2
871,294,2
871,376,2
871,1165,2
871,1337,2
872,8,4
872,246,4
872,265,4
872,299,4
872,480,4
872,608,4
872,670,4
872,829,4
873,80,3
873,214,3
873,463,3
873,641,3
873,1376,3
873,1406,3
874,672,1
874,792,1
875,129,1
875,321,5
875,325,1
875,683,1
875,804,1
875,1195,1
875,1225,1
875,1271,1
876,231,4
876,279,4
876,364,4
876,389,4
876,624,4
876,817,4
876,984,4
876,1240,4
877,64,3
877,330,3
877,403,3
877,785,3
877,830,3
877,883,3
877,956,3
877,1142,3
877,1150,3
877,1157,3
878,89,1
878,277,1
878,532,1
878,886,1
878,1249,5
878,1335,1
878,1391,1
879,66,4
879,75,4
879,113,4
879,520,4
879,591,4
879,786,4
879,928,4
879,979,4
880,561,5
880,565,5
880,612,5
880,615,5
880,749,1
880,905,5
880,979,5
880,1002,5
880,1210,5
880,1240,5
881,309,1
881,403,1
881,715,1
881,1107,1
881,1304,1
882,13,4
882,117,4
882,133,4
882,213,1
882,660,5
882,1025,4
882,1275,4
883,485,1
883,517,1
883,681,1
883,865,1
883,1184,1
883,1226,1
884,31,1
884,450,5
884,838,1
884,1121,1
884,1243,1
885,40,4
885,850,4
885,1022,4
886,101,2
886,294,2
886,1031,2
886,1174,2
887,106,1
887,196,1
887,337,1
887,743,1
887,851,5
887,1060,1
887,1350,1
888,22,2
888,450,2
888,1155,2
889,21,1
889,41,1
889,123,1
889,212,1
889,271,1
889,492,1
889,512,1
889,1132,5
889,1158,1
889,1339,1
890,341,4
890,527,4
890,573,4
890,647,4
890,757,4
890,894,4
891,729,3
891,770,3
891,777,3
891,831,3
892,71,2
892,73,2
892,123,2
892,822,2
892,839,2
892,915,2
892,917,2
892,1315,2
892,1358,2
893,242,4
893,278,4
893,327,4
893,743,4
893,941,4
893,968,4
893,1047,4
894,7,1
894,164,1
894,414,1
894,504,1
894,861,1
894,1162,1
894,1183,1
895,139,2
895,286,2
895,404,2
895,949,2
895,1397,2
896,139,4
896,426,4
896,441,4
896,625,1
896,933,1
896,1365,4
896,1390,4
897,19,4
897,319,5
897,493,4
897,715,4
897,1088,4
898,331,2
898,505,2
898,506,5
898,542,2
898,747,2
898,771,2
898,1157,2
898,1362,2
898,1366,2
899,269,5
899,309,5
899,870,5
899,934,5
899,1203,5
899,1412,5
900,813,3
900,905,3
900,1179,3
900,1375,3
901,235,2
901,255,2
901,373,2
902,9,4
902,147,4
902,180,4
902,225,4
902,296,4
902,401,4
902,575,4
902,681,4
902,805,4
902,827,4
902,1015,4
903,479,2
903,866,2
904,195,1
904,344,1
904,581,1
904,672,1
904,1261,1
905,256,3
905,344,3
905,673,3
905,765,3
905,1105,3
906,131,3
906,167,3
906,223,3
906,444,3
906,916,3
906,1190,3
906,1304,3
906,1407,3
907,95,1
907,405,1
907,699,1
907,1311,1
908,24,5
908,36,5
908,858,5
909,69,1
909,216,1
909,479,5
909,920,1
909,1091,1
909,1188,1
909,1322,1
910,34,3
910,360,3
910,477,3
910,629,3
910,1281,5
911,606,5
911,709,5
911,969,5
911,1133,5
911,1237,5
911,1242,5
911,1325,5
911,1350,5
911,1374,5
911,1397,5
912,312,4
912,384,4
912,759,4
913,607,3
913,729,3
913,1075,3
913,1161,3
913,1167,3
913,1185,3
914,13,1
914,103,1
914,345,1
914,650,1
914,1014,1
914,1183,1
914,1296,1
914,1340,1
915,97,1
915,191,1
915,472,1
915,632,1
915,722,1
915,894,1
915,978,1
915,1044,1
915,1074,1
915,1148,1
915,1241,1
916,211,3
916,695,3
916,725,3
916,990,3
916,1074,3
916,1110,3
916,1239,3
916,1326,3
916,1389,3
917,152,4
917,371,4
917,451,4
917,670,4
917,718,4
917,998,4
917,1196,4
917,1389,4
918,1014,4
918,1207,4
918,1293,4
919,210,5
919,259,2
919,408,2
919,416,2
919,645,2
919,657,2
920,160,5
920,173,1
920,664,1
920,830,1
920,1142,1
920,1324,1
920,1379,1
921,13,4
921,328,4
921,771,4
921,801,4
921,884,4
921,902,4
921,1036,1
921,1050,4
921,1142,4
921,1220,4
921,1403,4
922,53,4
922,57,4
922,128,4
922,206,4
922,718,4
922,999,4
922,1377,4
923,41,1
923,112,1
923,463,1
923,532,1
923,553,1
923,563,1
923,568,1
923,634,1
923,962,1
923,1225,1
924,172,4
924,400,4
924,887,4
924,1105,4
924,1112,4
924,1223,4
924,1287,4
925,70,4
925,172,4
925,609,4
925,758,4
925,934,4
925,1181,4
925,1237,4
926,133,2
926,143,2
926,269,1
926,501,2
926,535,2
926,547,2
926,749,2
926,813,2
926,891,2
927,129,2
927,194,2
927,234,2
927,282,2
927,291,5
927,312,2
927,367,2
927,879,2
927,1124,2
927,1171,2
927,1228,2
927,1399,2
927,1405,2
927,1413,2
928,187,1
928,1343,1
928,1422,5
929,138,2
929,235,2
929,300,2
929,366,2
929,395,2
929,531,2
929,912,1
930,88,3
930,325,3
930,456,3
930,494,3
930,1029,3
930,1265,3
931,252,3
931,577,3
931,1069,3
931,1092,3
931,1392,3
932,39,4
932,139,4
932,189,4
932,478,4
932,512,4
932,933,5
932,1047,4
932,1052,4
932,1363,4
933,30,2
933,139,2
933,1021,2
933,1415,2
934,119,4
934,266,4
934,327,4
934,433,4
934,685,4
934,1039,4
934,1200,4
934,1337,4
935,420,4
935,520,4
935,583,4
935,1038,4
935,1052,4
936,103,1
936,186,3
936,372,3
936,541,3
936,772,1
936,1192,3
937,1,4
937,78,4
937,245,4
937,740,4
937,912,4
937,1017,4
937,1068,4
937,1239,4
937,1255,4
938,426,5
938,431,4
938,944,4
938,1028,4
939,117,2
939,352,2
939,399,2
939,501,2
940,418,1
940,580,1
940,607,1
940,1076,1
940,1148,1
941,180,3
941,222,3
941,525,3
941,748,3
941,893,3
941,958,3
941,1288,3
941,1295,3
942,180,4
942,475,4
942,562,4
942,635,4
943,291,4
943,374,4
943,430,4
943,447,4
943,761,4
943,806,4
943,856,4
943,1151,4
943,1334,4
944,243,1
944,284,1
944,390,1
944,411,1
944,621,1
944,1372,1
945,96,4
945,271,4
945,479,4
945,586,4
945,690,4
945,696,4
945,961,4
945,1106,4
945,1247,4
945,1304,5
945,1317,4
946,319,2
946,849,2
946,1181,2
946,1231,2
946,1334,2
947,149,1
947,701,1
947,859,1
947,1194,1
948,74,4
948,495,4
948,512,4
948,904,4
948,1051,4
948,1218,4
949,1,3
949,75,3
949,130,3
949,852,3
949,1187,3
949,1196,3
950,60,4
950,91,4
950,134,4
950,135,4
950,221,4
950,405,4
950,415,4
950,659,4
950,783,4
950,881,4
950,988,4
950,1178,4
950,1209,4
950,1264,4
950,1309,1
951,94,2
951,217,2
951,328,2
951,430,2
951,756,2
951,869,2
951,1033,2
952,14,1
952,75,4
952,236,4
952,247,4
952,581,4
952,615,4
952,975,4
953,195,1
953,391,1
953,534,1
953,598,1
953,609,1
953,708,1
953,768,1
953,769,1
953,1037,1
953,1423,1
954,425,2
954,838,2
954,959,2
954,1231,2
954,1356,2
955,155,3
955,170,3
955,295,3
955,531,3
955,556,3
955,602,3
955,610,3
955,633,3
955,1188,3
955,1394,3
956,27,3
956,417,3
956,701,3
956,872,1
956,888,3
956,969,3
956,997,3
956,1173,3
956,1253,3
956,1296,3
957,11,2
957,140,2
957,211,2
957,276,2
957,376,2
957,411,2
957,477,2
957,890,2
957,991,2
958,257,3
958,853,3
958,1139,3
959,168,1
959,233,1
959,241,1
959,300,1
959,441,1
959,480,1
959,623,1
959,657,1
959,1015,1
960,135,4
960,267,5
960,452,5
960,649,4
960,727,4
961,53,1
961,133,1
961,171,5
961,461,1
961,524,1
961,949,1
962,429,2
962,506,2
962,1114,5
962,1120,2
962,1245,2
963,1179,3
963,1239,3
964,354,2
964,448,2
964,506,2
964,703,2
965,552,3
965,699,3
965,813,3
965,1243,3
966,14,3
966,30,3
966,191,3
966,206,3
966,487,3
966,830,3
966,889,3
966,978,3
966,1251,3
967,116,2
967,166,2
967,633,5
967,828,2
967,1013,2
967,1345,2
968,27,4
968,394,4
968,558,4
968,619,4
968,887,4
968,916,4
968,989,4
968,1169,4
969,132,4
969,450,4
969,585,4
969,910,4
969,1029,4
969,1075,4
969,1211,4
969,1280,1
969,1424,4
970,168,4
970,389,4
970,955,4
970,1214,4
970,1255,4
971,768,2
972,35,5
972,36,5
972,327,5
972,728,5
972,783,5
972,1031,5
972,1105,5
972,1195,5
972,1325,5
973,63,2
973,673,2
973,741,2
973,806,2
974,265,4
974,354,4
974,435,4
974,592,4
974,806,4
975,123,1
975,179,1
975,677,1
975,754,1
975,1204,1
975,1352,1
976,86,1
976,99,1
976,146,1
976,485,5
976,820,1
976,846,1
976,888,1
976,894,1
976,1331,1
977,140,1
977,194,4
977,362,4
977,521,4
977,552,4
977,973,4
977,1359,4
977,1383,4
977,1396,4
978,250,4
978,297,4
978,509,4
978,561,4
978,563,4
978,747,4
978,1024,4
978,1057,4
979,39,2
979,64,2
979,337,2
979,499,2
979,752,2
979,1230,2
980,296,2
980,439,2
980,567,2
980,1104,2
980,1238,2
980,1367,2
981,31,5
981,291,5
981,395,5
981,472,5
981,1067,5
981,1314,5
981,1392,5
981,1393,5
982,40,2
982,44,2
982,134,2
982,305,2
982,385,2
982,563,2
982,953,2
983,27,4
983,172,4
983,1335,4
984,263,4
984,354,4
984,948,4
984,1024,4
984,1162,4
985,382,4
985,907,4
985,1021,4
985,1249,4
986,26,4
986,65,4
986,139,4
986,414,4
986,680,4
986,952,5
986,1086,5
986,1089,4
986,1346,4
987,90,4
987,687,4
987,903,4
987,904,4
987,1094,4
987,1401,4
988,737,4
988,1051,4
989,213,5
989,229,5
989,407,5
989,628,5
989,735,5
989,1019,5
989,1265,5
989,1279,5
990,261,2
990,475,2
990,924,2
990,1057,2
991,151,1
991,310,1
991,776,1
991,1272,1
991,1322,1
992,67,4
992,168,4
992,396,4
992,1073,4
993,104,1
993,478,5
993,1122,5
993,1154,1
993,1216,5
993,1308,5
994,462,5
994,474,5
994,520,5
994,536,5
994,765,5
994,1011,5
994,1291,5
994,1393,5
995,390,4
995,682,4
995,788,4
995,838,4
996,88,3
996,381,3
996,684,3
996,728,3
996,1119,3
997,251,1
997,559,1
997,560,1
997,900,1
997,1006,1
997,1136,1
998,209,3
998,283,3
998,293,3
998,296,3
998,491,3
998,518,3
998,746,3
998,861,3
998,885,3
998,1218,3
998,1335,3
998,1365,3
998,1376,3
998,1381,3
999,142,1
999,144,1
999,1190,1
1000,92,4
1000,290,4
1000,524,4
1000,617,4
1000,808,4
1000,1338,4
1001,155,4
1001,265,4
1001,327,4
1001,343,4
1001,455,4
1001,487,4
1001,509,4
1001,757,4
1001,862,4
1001,1246,4
1001,1356,4
1002,99,3
1002,114,3
1002,164,3
1002,194,3
1002,227,3
1002,493,3
1002,1034,3
1002,1387,3
1003,51,3
1003,90,3
1003,143,3
1003,627,3
1003,909,3
1004,3,3
1004,89,3
1004,90,3
1004,304,3
1004,348,3
1004,405,3
1004,491,3
1004,728,3
1004,814,3
1004,838,3
1004,1084,3
1004,1219,3
1004,1231,3
1004,1276,3
1005,429,4
1005,674,4
1005,787,4
1005,1201,4
1005,1378,4
1006,49,3
1006,170,3
1006,849,1
1006,946,3
1006,984,3
1006,1018,3
1007,4,3
1007,15,3
1007,131,3
1007,200,3
1007,367,3
1007,393,3
1007,465,3
1007,492,3
1007,807,5
1007,872,3
1007,902,3
1008,49,3
1008,85,3
1008,404,3
1008,487,3
1008,845,3
1008,920,3
1008,1073,3
1008,1152,3
1008,1311,3
1009,48,4
1009,73,4
1009,233,4
1009,434,4
1009,626,4
1009,945,4
1009,1218,4
1009,1260,4
1009,1273,4
1009,1354,4
1010,36,4
1010,427,4
1010,843,4
1010,1128,4
1010,1198,4
1011,48,2
1011,210,2
1011,384,2
1011,607,2
1011,646,2
1011,744,2
1011,1341,2
1012,82,3
1012,124,3
1012,218,3
1012,569,1
1012,1075,1
1012,1238,3
1012,1321,3
1013,400,4
1013,648,4
1013,861,4
1013,1237,4
1014,337,3
1014,514,3
1014,567,3
1014,596,3
1014,619,3
1014,654,3
1014,670,3
1014,704,3
1014,1071,3
1014,1268,3
1015,89,4
1015,278,4
1015,399,4
1015,546,4
1015,631,4
1016,49,1
1016,94,1
1016,110,1
1016,133,1
1016,298,1
1016,468,1
1016,480,1
1016,768,1
1016,858,1
1016,1028,1
1017,177,4
1017,572,4
1017,611,4
1017,624,4
1017,749,4
1017,896,4
1017,940,4
1018,255,4
1018,425,4
1018,951,4
1018,1166,4
1018,1308,4
1018,1312,4
1018,1344,4
1018,1358,4
1019,314,3
1019,913,3
1020,29,5
1020,241,3
1020,493,3
1020,795,3
1020,983,3
1020,1120,3
1020,1160,3
1021,193,3
1021,505,3
1021,643,3
1021,676,3
1021,874,3
1021,933,3
1021,1272,3
1022,241,3
1022,1055,3
1023,327,4
1023,708,4
1023,755,4
1023,1339,4
1024,4,4
1024,7,4
1024,720,4
1024,1319,4
1024,1356,4
1025,38,4
1025,164,4
1025,606,4
1025,641,4
1025,1031,4
1025,1082,4
1026,629,4
1026,929,4
1026,1191,4
1027,574,2
1027,770,2
1027,827,2
1027,831,2
1027,892,2
1027,972,2
1027,1157,2
1028,163,1
1028,309,1
1028,603,1
1028,1422,1
1029,534,4
1029,765,4
1029,1024,4
1029,1085,4
1029,1292,4
1030,146,4
1030,248,1
1030,1223,4
1031,151,1
1031,638,1
1031,1068,1
1031,1202,1
1031,1273,1
1032,282,4
1032,466,4
1032,478,4
1032,624,4
1032,696,4
1032,767,4
1032,940,4
1032,1006,4
1032,1010,4
1032,1242,4
1032,1252,4
1032,1301,4
1033,5,4
1033,613,4
1033,695,5
1033,966,4
1033,971,4
1035,50,3
1035,492,3
1035,932,3
1035,1123,3
1035,1424,3
1036,265,2
1036,358,2
1036,431,2
1036,501,2
1036,536,2
1036,608,1
1036,939,2
1036,1151,2
1037,53,2
1037,58,2
1037,63,2
1037,225,2
1037,411,2
1037,461,2
1037,923,2
1037,1015,2
1038,21,3
1038,476,3
1038,490,3
1038,518,3
1038,559,3
1038,811,3
1039,55,3
1039,154,3
1039,348,3
1039,1257,3
1039,1315,3
1040,62,4
1040,210,4
1040,254,4
1040,482,4
1040,756,4
1040,1103,4
1040,1380,4
1040,1385,4
1041,48,1
1041,115,1
1041,118,1
1041,120,1
1041,346,1
1041,1012,1
1041,1027,1
1041,1056,1
1041,1107,1
1041,1263,1
1042,42,1
1042,152,1
1042,270,1
1042,585,1
1042,600,1
1042,763,1
1042,1039,1
1042,1182,1
1042,1221,1
1043,32,4
1043,517,4
1043,535,4
1043,867,4
1043,1068,4
1043,1373,5
1044,83,3
1044,110,3
1044,169,3
1044,227,3
1044,482,3
1044,605,3
1044,1329,3
1044,1381,3
1044,1387,3
1044,1396,3
1045,30,2
1045,50,2
1045,266,2
1045,289,2
1045,879,2
1045,1049,2
1045,1246,2
1046,528,2
1046,780,2
1046,964,2
1046,996,2
1046,1129,2
1047,43,4
1047,761,4
1047,863,4
1047,1086,4
1047,1246,4
1048,150,1
1048,406,1
1048,456,1
1048,576,1
1048,876,1
1048,921,1
1049,44,2
1049,138,2
1049,282,2
1049,703,5
1049,867,2
1049,950,2
1050,166,4
1050,592,4
1050,656,4
1050,688,4
1050,813,4
1050,1083,4
1050,1151,4
1050,1367,4
1050,1387,4
1050,1405,1
1051,49,5
1051,256,5
1051,358,5
1051,585,5
1051,638,5
1051,847,5
1051,896,5
1051,1050,5
1051,1326,5
1052,73,4
1052,174,4
1052,631,4
1052,1030,4
1052,1045,4
1052,1107,4
1052,1209,4
1053,52,1
1053,82,1
1053,844,1
1053,1303,1
1054,556,4
1054,718,4
1054,1422,4
1055,82,4
1055,400,4
1055,539,4
1055,1160,4
1055,1255,4
1056,161,2
1056,503,2
1056,779,2
1056,1192,2
1057,117,3
1057,196,3
1057,454,3
1057,654,3
1057,793,3
1057,827,3
1057,1059,3
1057,1067,3
1058,96,3
1058,568,3
1058,632,1
1058,829,3
1058,912,3
1058,1017,3
1058,1083,3
1059,81,1
1059,305,1
1059,321,1
1059,346,1
1059,1128,1
1059,1138,1
1059,1203,1
1060,22,1
1060,139,1
1060,817,1
1061,92,5
1061,242,5
1061,636,5
1061,718,5
1061,1038,1
1061,1201,5
1062,15,3
1062,108,3
1062,1087,3
1062,1237,3
1062,1264,3
1063,612,4
1063,857,4
1063,1013,4
1063,1055,4
1064,12,5
1064,83,1
1064,360,1
1064,390,1
1064,411,1
1064,599,1
1064,673,1
1064,1022,1
1064,1035,1
1065,43,2
1065,73,2
1065,119,2
1065,858,2
1065,1209,2
1066,82,3
1066,320,3
1066,549,3
1066,588,3
1066,723,3
1066,830,3
1066,922,3
1066,1001,3
1066,1154,3
1067,119,4
1067,186,4
1067,453,4
1067,603,4
1067,608,4
1067,1332,4
1068,625,2
1068,915,2
1068,928,1
1068,1072,2
1068,1319,2
1069,122,4
1069,198,4
1069,616,4
1069,760,4
1069,768,4
1069,797,4
1069,842,4
1069,1154,4
1070,155,4
1070,257,4
1070,399,4
1070,485,4
1070,712,4
1070,744,4
1070,930,4
1071,271,3
1071,383,3
1071,416,3
1071,596,3
1071,695,3
1071,720,3
1071,833,3
1071,898,3
1071,1072,3
1072,112,4
1072,169,4
1072,330,4
1072,380,4
1072,638,4
1072,1002,4
1072,1154,4
1072,1403,4
1073,445,2
1073,645,2
1073,771,2
1073,1142,2
1073,1146,1
1073,1246,2
1074,62,4
1074,127,4
1074,327,4
1074,462,4
1074,789,4
1074,1357,4
1074,1367,4
1075,598,4
1075,751,4
1075,886,4
1075,907,4
1075,984,4
1075,1109,4
1075,1136,5
1075,1275,4
1076,618,3
1076,848,3
1076,1213,3
1077,209,4
1077,236,4
1077,270,4
1077,729,4
1077,863,4
1077,1068,4
1078,319,1
1078,802,1
1079,36,3
1079,98,3
1079,272,3
1079,398,3
1079,730,3
1079,943,3
1079,1167,3
1079,1397,3
1080,499,1
1081,203,1
1081,991,1
1081,1258,1
1082,189,4
1082,353,5
1082,554,4
1082,675,4
1082,1079,4
1082,1187,4
1082,1212,4
1083,456,3
1083,602,3
1083,791,3
1083,1145,3
1083,1153,3
1083,1261,3
1084,178,4
1084,340,4
1084,614,4
1084,938,4
1084,1273,4
1084,1281,4
1084,1385,4
1085,41,2
1085,133,2
1085,293,2
1085,352,2
1085,914,2
1085,1214,2
1085,1297,2
1086,65,3
1086,475,3
1086,1091,3
1086,1252,3
1086,1363,3
1086,1368,3
1086,1371,3
1087,413,2
1087,721,2
1087,774,2
1087,841,2
1087,919,2
1087,971,2
1087,1323,2
1087,1328,2
1088,383,5
1088,788,5
1088,1221,5
1088,1228,5
1089,5,4
1089,468,4
1089,527,4
1089,590,4
1089,670,4
1089,969,4
1090,35,4
1090,192,4
1090,262,4
1090,331,4
1090,833,4
1091,16,3
1091,100,3
1091,555,3
1091,650,3
1091,709,3
1091,712,3
1091,878,3
1091,1284,3
1092,200,1
1092,875,1
1092,888,1
1093,217,1
1093,332,1
1093,492,1
1093,561,1
1093,870,1
1094,112,3
1094,551,3
1094,824,3
1094,839,3
1094,1048,3
1094,1086,3
1094,1352,3
1094,1394,3
1095,66,2
1095,194,2
1095,450,2
1095,549,2
1095,557,2
1095,774,2
1095,952,2
1095,1095,2
1095,1228,2
1095,1374,2
1095,1377,2
1096,275,4
1096,400,4
1096,715,4
1097,9,1
1097,219,1
1097,862,1
1097,1010,1
1097,1193,1
1097,1288,1
1098,75,5
1098,106,5
1098,192,5
1098,288,1
1098,366,5
1098,476,5
1098,694,5
1098,730,5
1098,832,5
1098,1055,5
1099,390,4
1099,590,4
1099,1416,4
1100,10,3
1100,90,3
1100,1164,3
1100,1168,3
1101,53,1
1101,56,1
1101,462,1
1101,494,1
1101,519,1
1101,553,1
1101,826,1
1101,1045,1
1101,1077,1
1101,1316,1
1102,662,1
1102,828,1
1102,1195,1
1103,118,4
1103,134,4
1103,157,4
1103,508,4
1103,616,4
1103,1087,4
1103,1354,4
1103,1380,4
1104,8,3
1104,144,3
1104,149,3
1104,211,3
1104,847,3
1104,1061,3
1104,1290,3
1105,12,4
1105,145,4
1105,270,4
1105,525,4
1105,1019,4
1105,1315,4
1105,1323,4
1105,1333,4
1106,594,1
1106,852,1
1106,1220,1
1106,1387,1
1107,622,3
1107,659,3
1107,858,3
1107,1058,3
1107,1286,3
1107,1418,3
1108,136,3
1108,353,3
1108,830,3
1109,15,1
1109,30,1
1109,213,1
1109,301,1
1109,460,1
1109,501,1
1109,599,5
1109,991,1
1109,1155,1
1109,1218,1
1110,51,4
1110,610,4
1110,1018,4
1110,1255,4
1111,847,3
1112,531,4
1112,669,4
1112,785,4
1112,854,4
1112,1118,4
1112,1124,4
1112,1176,4
1112,1253,4
1113,79,3
1113,101,3
1113,334,3
1113,396,3
1113,984,3
1113,1108,3
1113,1373,3
1114,696,3
1114,930,3
1114,1204,3
1114,1387,3
1115,106,4
1115,208,4
1115,339,5
1115,645,4
1115,660,4
1115,740,4
1115,839,4
1115,1015,4
1115,1029,4
1116,28,4
1116,69,4
1116,87,4
1116,177,4
1116,688,4
1116,1323,4
1116,1389,4
1117,127,2
1117,149,2
1117,240,5
1117,318,2
1117,321,2
1117,1251,2
1118,381,4
1118,970,4
1118,1225,4
1118,1295,4
1119,1,4
1119,53,4
1119,87,4
1119,294,4
1119,560,4
1119,776,4
1119,799,4
1119,812,4
1119,1167,4
1119,1172,4
1119,1324,4
1120,377,5
1120,614,5
1120,934,5
1121,1,1
1121,688,1
1121,763,1
1121,983,1
1121,1167,1
1121,1250,1
1122,3,5
1122,264,5
1122,321,5
1122,365,5
1122,462,5
1122,769,5
1122,828,5
1122,922,5
1122,991,5
1122,999,5
1122,1416,5
1123,339,2
1123,831,2
1123,1227,2
1124,240,1
1124,1152,1
1124,1212,1
1124,1230,1
1125,178,4
1125,290,4
1125,375,4
1125,416,4
1125,1124,4
1125,1164,4
1125,1214,4
1125,1238,4
1126,312,3
1126,462,3
1126,474,3
1126,562,3
1126,610,3
1126,700,3
1126,782,3
1126,1316,3
1126,1348,3
1127,266,5
1127,367,4
1127,658,4
1127,1175,4
1127,1302,4
1127,1337,4
1127,1349,4
1128,54,4
1128,207,4
1128,276,4
1129,379,4
1129,416,4
1129,425,4
1129,528,4
1129,812,4
1129,885,4
1129,1229,4
1130,3,2
1130,427,1
1130,750,2
1130,1110,2
1130,1378,2
1131,122,3
1131,687,3
1131,876,1
1131,982,3
1131,1175,3
1132,449,4
1132,733,4
1132,1247,4
1132,1356,4
1133,19,4
1133,415,4
1133,659,4
1133,1306,4
1133,1408,4
1134,134,4
1134,206,4
1134,550,4
1134,633,4
1134,868,4
1135,106,4
1135,117,4
1135,1290,4
1135,1353,4
1135,1380,4
1136,194,4
1136,240,4
1136,495,4
1137,4,1
1137,71,1
1137,147,1
1137,809,1
1138,627,4
1138,685,4
1138,742,4
1138,785,4
1138,842,4
1138,896,4
1138,988,4
1138,1094,4
1138,1193,4
1139,303,4
1139,611,4
1139,710,4
1139,952,4
1139,1286,4
1140,295,3
1140,750,3
1140,771,3
1140,981,3
1140,1051,3
1140,1377,3
1141,208,4
1141,381,4
1141,625,4
1141,633,4
1141,688,4
1141,719,4
1141,1154,4
1141,1205,4
1141,1366,4
1142,6,4
1142,162,4
1142,324,4
1142,326,4
1142,826,4
1142,1148,4
1142,1249,4
1143,235,1
1143,719,1
1143,781,1
1143,800,1
1143,1069,1
1143,1089,1
1143,1106,1
1143,1208,1
1144,243,5
1144,297,5
1144,491,5
1144,681,5
1144,733,5
1144,1058,5
1144,1137,5
1144,1243,5
1144,1263,5
1144,1410,5
1144,1414,5
1145,6,3
1145,115,3
1145,137,3
1145,446,3
1145,574,3
1145,799,3
1145,935,3
1145,965,3
1146,588,5
1146,877,5
1146,883,5
1146,886,5
1146,933,5
1146,938,5
1146,1235,5
1147,2,1
1147,184,1
1147,236,1
1147,383,1
1147,537,1
1147,544,1
1147,956,1
1147,979,1
1147,986,1
1147,1023,1
1147,1374,1
1148,108,4
1148,109,4
1148,213,4
1148,509,4
1148,993,4
1148,1100,4
1148,1144,4
1148,1186,4
1149,358,4
1149,421,4
1149,1051,4
1149,1346,4
1150,507,4
1150,576,4
1150,887,4
1150,1053,4
1150,1275,4
1151,354,4
1151,481,4
1151,567,4
1151,581,4
1151,676,4
1151,874,4
1151,1119,4
1151,1209,4
1152,218,5
1152,336,3
1152,375,3
1152,567,3
1152,757,3
1152,907,3
1152,936,3
1152,1331,3
1153,272,4
1153,725,4
1153,836,5
1153,1287,4
1154,238,2
1154,459,2
1154,754,2
1154,1000,2
1154,1130,2
1154,1413,2
1155,87,3
1155,128,3
1155,446,3
1155,926,3
1155,1422,3
1156,537,1
1156,592,1
1156,683,1
1156,814,1
1156,869,1
1156,894,1
1156,1123,1
1156,1166,1
1156,1183,1
1156,1401,1
1156,1417,5
1157,329,3
1157,334,3
1157,418,3
1157,498,3
1157,899,3
1157,1075,3
1157,1374,3
1158,5,2
1158,138,5
1158,461,2
1158,1117,2
1158,1207,2
1158,1363,2
1159,59,3
1159,67,3
1159,305,3
1159,397,3
1159,646,3
1159,687,3
1159,691,5
1159,711,3
1159,757,3
1159,1085,3
1159,1207,3
1160,270,4
1160,276,4
1160,279,4
1160,394,4
1160,444,4
1160,626,4
1160,884,4
1160,907,4
1160,948,4
1160,987,4
1160,1235,4
1161,149,2
1161,1157,2
1161,1168,2
1161,1239,2
1161,1272,2
1161,1353,2
1161,1405,2
1161,1407,2
1162,200,4
1162,325,4
1162,341,4
1162,468,4
1162,539,4
1162,714,4
1162,1248,5
1163,287,1
1163,369,1
1163,503,1
1163,632,1
1164,83,2
1164,167,2
1164,547,2
1164,724,2
1164,793,2
1164,805,2
1164,1001,2
1164,1180,2
1164,1289,2
1165,235,2
1165,257,2
1165,419,2
1165,538,2
1165,1011,2
1165,1125,2
1165,1308,2
1165,1336,2
1166,157,1
1166,367,1
1166,697,1
1166,925,1
1166,1051,1
1167,338,3
1167,745,3
1167,751,3
1167,798,3
1167,1073,3
1167,1296,3
1167,1387,3
1167,1423,3
1168,71,2
1168,258,2
1168,510,2
1168,667,2
1168,677,2
1168,797,2
1168,912,2
1168,934,2
1168,1424,2
1169,11,4
1169,294,4
1169,329,4
1169,495,4
1169,600,4
1169,1370,1
1170,118,4
1170,149,4
1170,158,4
1170,435,4
1170,634,4
1170,777,4
1170,800,4
1170,1154,4
1170,1400,4
1171,452,2
1171,689,2
1171,690,2
1171,983,2
1171,1059,2
1171,1166,2
1171,1396,2
1172,214,1
1172,820,1
1172,1412,1
1173,21,3
1173,67,3
1173,142,3
1173,381,5
1173,619,3
1173,711,3
1173,860,3
1173,1131,3
1174,98,4
1174,581,4
1174,732,4
1174,754,4
1174,802,4
1174,915,4
1174,1163,4
1175,126,4
1175,323,4
1175,324,4
1175,865,4
1175,884,4
1176,83,1
1176,90,3
1176,133,3
1176,599,3
1176,1034,3
1176,1144,3
1177,187,1
1177,650,1
1177,750,1
1177,816,1
1177,955,1
1177,1251,1
1177,1367,1
1178,122,4
1178,364,4
1178,617,4
1178,734,4
1178,770,4
1178,965,4
1178,1062,4
1179,529,3
1179,701,3
1179,721,3
1179,760,3
1179,809,3
1179,846,3
1179,1016,3
1180,129,5
1180,352,4
1180,718,4
1180,740,4
1180,755,4
1180,1038,4
1180,1232,5
1181,18,1
1181,157,2
1181,206,2
1182,299,5
1183,112,1
1183,516,1
1183,525,1
1183,893,1
1183,1104,1
1183,1294,1
1183,1304,5
1184,373,1
1184,821,1
1184,889,1
1184,909,1
1184,1262,1
1185,32,2
1185,86,2
1185,236,2
1185,379,2
1185,912,2
1185,913,2
1185,917,2
1185,1303,2
1186,38,3
1186,125,3
1186,843,3
1186,1034,3
1186,1217,3
1187,543,5
1187,647,5
1187,933,5
1187,1274,5
1188,10,1
1188,530,4
1188,852,4
1188,1045,1
1188,1179,4
1189,215,4
1189,256,4
1189,438,4
1189,585,4
1189,868,4
1189,912,4
1189,1130,4
1189,1350,4
1190,268,4
1190,349,4
1190,639,4
1190,990,4
1190,1211,4
1191,128,4
1191,448,4
1191,1008,5
1191,1244,4
1192,880,4
1192,901,4
1192,903,4
1192,1069,4
1192,1291,4
1193,56,4
1193,471,1
1193,655,4
1193,1141,4
1193,1294,4
1194,82,3
1194,87,3
1194,752,3
1194,800,3
1194,841,3
1194,878,3
1194,897,3
1194,1183,3
1194,1383,3
1195,28,2
1195,138,2
1195,391,2
1195,401,2
1195,794,2
1195,814,2
1195,827,2
1195,833,2
1195,873,2
1195,977,2
1195,982,2
1195,1288,2
1195,1328,2
1196,272,3
1196,281,3
1196,355,3
1196,398,3
1196,561,3
1196,575,3
1196,1042,3
1196,1064,3
1196,1174,3
1196,1184,3
1196,1217,3
1197,526,2
1197,608,2
1197,1207,2
1197,1334,2
1198,683,5
1198,958,5
1198,1282,5
1198,1312,5
1199,115,1
1199,680,5
1199,996,1
1200,46,5
1200,300,5
1200,350,5
1200,433,5
1200,551,5
1200,1031,5
1200,1355,5
1200,1414,5
1201,17,4
1201,40,4
1201,924,4
1201,1033,1
1201,1078,4
1202,132,2
1202,154,2
1202,362,2
1202,489,2
1202,536,2
1202,670,2
1202,1119,2
1202,1253,2
1203,78,3
1203,125,3
1203,487,3
1203,587,3
1203,851,3
1203,893,3
1203,1017,3
1203,1058,3
1203,1198,3
1204,227,4
1204,258,4
1204,285,4
1204,341,4
1204,443,4
1204,499,4
1204,623,4
1204,689,4
1204,1112,4
1204,1403,4
1205,10,5
1205,132,2
1205,284,2
1205,1049,2
1205,1205,2
1205,1255,2
1205,1287,2
1206,38,3
1206,218,5
1206,463,3
1206,524,3
1206,1146,3
1206,1366,3
1207,212,2
1207,218,2
1207,227,1
1207,322,2
1207,380,2
1207,466,2
1207,565,2
1207,733,2
1207,1178,2
1208,66,4
1208,226,1
1208,236,4
1208,485,4
1208,527,4
1208,821,4
1208,897,4
1208,1005,4
1208,1051,4
1208,1136,4
1209,197,4
1209,427,4
1209,569,4
1209,882,4
1209,1047,4
1209,1048,4
1209,1132,4
1209,1203,4
1209,1388,4
1210,344,3
1210,444,3
1210,479,5
1210,565,3
1210,652,3
1210,839,1
1210,1369,3
1211,57,4
1211,247,4
1211,277,4
1211,393,4
1211,437,4
1211,504,4
1211,606,4
1211,711,4
1211,1334,4
1212,152,4
1212,398,4
1212,458,5
1212,536,4
1212,553,4
1212,612,4
1212,1115,4
1212,1251,4
1213,245,2
1214,262,4
1214,278,4
1214,418,4
1214,580,4
1214,1026,4
1214,1373,4
1215,140,1
1215,406,1
1215,448,1
1215,601,5
1215,684,1
1215,744,1
1215,1123,1
1216,100,3
1216,342,3
1216,1380,3
1217,41,4
1217,522,4
1217,676,4
1217,769,4
1217,785,4
1217,1060,4
1217,1272,1
1218,691,4
1218,852,4
1218,965,4
1218,1055,4
1218,1342,4
1219,263,4
1219,758,4
1219,917,4
1219,1051,4
1219,1148,4
1219,1177,4
1219,1215,4
1220,264,3
1220,960,3
1220,976,3
1220,1065,3
1220,1337,3
1221,19,1
1221,80,1
1221,173,1
1221,460,1
1221,574,1
1221,927,1
1221,1189,1
1222,297,5
1222,307,5
1222,375,5
1222,559,5
1222,584,5
1222,987,5
1222,1086,5
1222,1123,5
1222,1208,5
1223,174,1
1223,201,1
1223,311,1
1223,334,5
1223,442,1
1223,454,1
1223,520,1
1223,815,1
1223,882,1
1223,945,1
1223,1202,1
1223,1265,1
1223,1420,1
1224,166,2
1224,417,2
1224,466,2
1224,620,2
1224,828,5
1224,946,2
1224,1054,2
1225,960,4
1225,1112,4
1225,1246,4
1225,1306,4
1226,388,4
1226,549,4
1226,700,4
1226,877,4
1226,891,4
1226,1117,4
1226,1378,4
1227,113,4
1227,749,5
1227,956,4
1227,996,4
1227,1357,4
1228,164,3
1228,358,3
1228,385,3
1228,476,1
1228,555,3
1228,777,3
1228,838,3
1229,100,4
1229,261,4
1229,384,4
1229,405,4
1229,698,4
1229,749,4
1229,830,4
1229,1238,4
1230,2,3
1230,228,3
1230,258,5
1230,303,3
1230,344,3
1230,466,3
1230,888,3
1230,1131,3
1230,1267,3
1231,395,1
1231,534,1
1231,608,1
1231,619,1
1231,660,1
1231,672,1
1231,691,1
1231,1293,1
1231,1401,1
1232,550,4
1232,990,4
1232,1416,4
1233,52,1
1233,91,1
1233,619,1
1233,708,1
1233,798,1
1233,875,1
1233,969,1
1233,1104,1
1234,213,4
1234,223,4
1234,495,4
1234,940,4
1234,946,4
1234,964,4
1234,1013,4
1235,24,5
1235,700,5
1235,718,5
1235,870,5
1235,1359,5
1235,1396,5
1236,55,4
1236,185,4
1236,555,4
1236,587,4
1236,604,4
1236,606,4
1236,1056,4
1236,1070,5
1236,1165,4
1237,258,3
1237,331,3
1237,348,3
1237,577,3
1237,708,3
1237,969,3
1237,1132,3
1237,1238,3
1238,104,3
1238,368,3
1238,373,3
1239,223,3
1239,560,3
1239,994,3
1240,150,3
1240,160,3
1240,330,3
1240,648,3
1240,773,3
1240,1196,3
1240,1275,3
1241,27,2
1241,54,2
1241,110,2
1241,165,2
1241,374,2
1241,422,2
1241,869,2
1241,871,2
1241,946,2
1241,1393,5
1242,50,4
1242,384,4
1242,390,4
1242,641,4
1242,1012,4
1242,1207,4
1243,264,4
1243,653,4
1243,889,4
1243,987,4
1243,989,4
1243,1098,4
1244,51,3
1244,115,3
1244,139,3
1244,158,3
1244,315,3
1244,548,3
1244,1138,3
1244,1345,3
1244,1379,3
1245,287,4
1245,362,4
1245,645,4
1245,702,4
1245,1191,4
1246,99,1
1246,336,1
1246,468,1
1246,788,1
1246,955,1
1246,1001,1
1246,1046,1
1246,1299,1
1247,289,3
1247,512,3
1247,542,3
1247,697,3
1247,818,3
1247,849,1
1247,886,3
1247,901,3
1247,1271,5
1247,1289,3
1248,54,4
1248,343,4
1248,781,4
1248,861,4
1248,914,4
1248,1185,4
1249,554,4
1249,590,4
1249,639,4
1249,1423,4
1250,647,3
1250,781,3
1250,1095,3
1250,1110,3
1251,73,1
1251,283,1
1251,484,1
1251,663,1
1251,820,1
1251,986,1
1252,62,4
1252,66,4
1252,89,4
1252,260,4
1252,335,4
1252,867,4
1252,1258,4
1252,1307,4
1253,267,1
1253,450,1
1253,864,1
1253,1124,1
1253,1204,1
1253,1373,1
1254,322,4
1254,624,4
1254,663,4
1254,821,4
1254,867,4
1254,983,4
1254,1119,4
1254,1127,4
1255,74,3
1255,649,3
1255,676,5
1255,771,1
1255,787,3
1255,840,5
1255,917,3
1255,1141,3
1256,5,3
1256,654,3
1256,756,3
1256,1116,3
1256,1129,3
1256,1167,3
1256,1225,3
1257,18,4
1257,125,4
1257,576,4
1257,999,4
1257,1347,4
1258,350,2
1258,504,2
1258,626,2
1258,1039,2
1258,1176,2
1258,1253,2
1259,156,2
1259,276,2
1259,459,2
1259,923,2
1259,988,2
1259,1197,2
1259,1242,2
1260,324,4
1260,688,4
1260,768,4
1260,944,4
1260,1202,4
1261,205,3
1261,605,3
1261,630,3
1261,922,3
1261,1016,3
1261,1070,3
1261,1324,3
1262,121,4
1262,305,4
1262,428,4
1262,529,4
1262,571,1
1262,700,4
1262,968,4
1262,970,4
1262,1148,4
1262,1275,4
1263,124,4
1263,347,4
1263,394,4
1263,844,4
1263,979,1
1263,1007,4
1264,68,2
1264,654,2
1264,789,2
1264,932,2
1264,1172,2
1265,337,3
1265,736,3
1265,808,3
1265,1316,3
1265,1334,3
1266,158,2
1266,287,2
1266,325,2
1266,373,2
1266,1078,2
1266,1079,2
1266,1181,2
1266,1258,2
1267,106,1
1267,299,1
1267,316,1
1267,324,1
1267,525,1
1267,979,1
1267,1237,1
1267,1368,1
1268,100,1
1268,416,1
1268,733,1
1269,55,2
1269,176,2
1269,406,2
1269,613,2
1269,662,2
1269,762,2
1269,827,2
1269,902,2
1269,961,2
1269,1248,2
1270,248,4
1270,990,4
1270,1020,4
1270,1030,4
1270,1083,4
1270,1292,4
1271,56,1
1271,401,1
1271,653,1
1271,826,1
1271,1145,1
1271,1182,1
1272,6,4
1272,17,4
1272,258,4
1272,384,4
1272,559,4
1272,563,4
1272,1177,4
1272,1241,4
1273,154,4
1273,461,4
1273,491,1
1273,578,4
1273,767,4
1273,790,4
1273,818,4
1273,923,4
1273,1407,4
1274,26,2
1274,325,2
1274,820,2
1274,1034,2
1275,206,3
1275,862,3
1275,1414,3
1276,300,4
1276,331,4
1276,482,4
1276,543,4
1276,1048,4
1276,1401,4
1277,85,5
1277,197,5
1277,222,5
1277,300,5
1277,330,5
1277,447,5
1277,772,5
1277,1181,5
1277,1227,5
1277,1367,5
1278,152,2
1278,213,2
1278,715,2
1278,841,2
1278,906,2
1279,245,3
1279,321,3
1279,357,3
1279,414,3
1279,615,3
1279,1102,3
1279,1163,3
1280,184,3
1280,421,3
1280,429,3
1280,564,3
1280,1191,3
1281,365,1
1281,399,1
1281,431,1
1281,436,1
1281,508,1
1281,665,1
1281,832,1
1281,900,1
1281,942,1
1281,993,1
1281,1064,1
1281,1185,1
1281,1289,1
1282,566,3
1282,569,3
1282,721,3
1282,856,3
1282,941,3
1282,961,3
1282,1301,3
1282,1337,3
1282,1383,3
1283,61,4
1283,121,4
1283,487,4
1283,886,4
1283,1046,4
1283,1249,4
1284,106,2
1284,415,2
1284,605,2
1284,886,2
1284,1140,2
1284,1284,2
1285,135,2
1285,215,2
1285,299,2
1285,453,5
1285,503,2
1285,621,2
1285,862,2
1285,1053,2
1285,1371,2
1285,1409,2
1286,420,1
1286,452,1
1286,458,1
1286,549,1
1286,655,1
1286,686,1
1286,1218,1
1286,1299,1
1286,1333,1
1286,1399,1
1287,650,4
1287,1140,4
1287,1291,4
1288,36,3
1288,178,3
1288,185,3
1288,305,3
1288,463,3
1288,548,3
1288,773,3
1288,881,3
1288,1000,1
1288,1111,3
1288,1343,3
1289,347,1
1289,437,4
1289,578,4
1289,656,4
1289,1232,4
1289,1384,4
1290,296,3
1290,343,3
1290,415,3
1290,563,3
1290,1170,3
1290,1213,3
1291,228,1
1291,253,1
1291,335,1
1291,506,1
1291,716,1
1291,817,1
1291,1218,1
1292,475,1
1292,551,1
1292,736,1
1292,1088,5
1292,1111,1
1292,1164,1
1292,1349,1
1293,684,4
1293,789,4
1293,910,4
1293,1001,4
1293,1037,4
1294,895,4
1294,915,4
1294,947,4
1294,1010,4
1294,1171,4
1295,68,5
1295,104,5
1295,110,5
1295,125,5
1295,196,5
1295,235,5
1295,454,5
1295,532,5
1295,693,5
1295,998,5
1295,1395,5
1295,1420,5
1296,40,5
1296,730,2
1296,872,2
1296,1069,2
1296,1091,2
1296,1294,2
1297,443,1
1297,444,1
1297,542,1
1297,750,1
1297,1391,1
1298,33,4
1298,206,4
1298,219,4
1298,416,4
1298,535,4
1298,790,4
1298,1002,4
1298,1033,4
1299,122,4
1299,449,4
1299,453,4
1299,498,4
1299,513,4
1299,580,4
1299,787,4
1299,909,4
1300,23,3
1300,47,3
1300,567,3
1300,945,3
1301,179,3
1301,493,3
1301,903,3
1301,1121,1
1301,1161,3
1301,1212,3
1302,211,3
1302,382,3
1302,937,3
1302,1059,3
1303,29,5
1303,92,5
1303,434,5
1303,619,5
1303,841,5
1303,936,5
1303,1012,5
1303,1086,5
1303,1195,5
1304,83,3
1304,153,3
1304,658,3
1304,852,3
1304,1026,5
1304,1046,3
1304,1267,3
1305,49,5
1305,178,5
1305,401,5
1305,460,5
1305,489,5
1305,582,5
1305,996,5
1306,80,2
1306,82,2
1306,518,2
1307,200,3
1307,250,3
1307,281,3
1307,493,3
1307,576,3
1307,871,3
1307,989,3
1308,493,2
1308,630,2
1308,999,1
1308,1109,2
1309,70,2
1309,361,2
1309,548,2
1309,755,2
1309,1003,2
1309,1148,2
1309,1243,2
1310,514,5
1310,908,5
1310,1029,5
1310,1167,5
1310,1348,5
1311,350,4
1311,407,4
1311,557,4
1311,747,1
1311,1176,4
1311,1198,4
1311,1311,4
1311,1367,4
1312,256,5
1312,568,5
1312,883,5
1313,6,5
1313,183,5
1313,265,5
1313,636,5
1313,940,5
1313,1104,5
1314,64,5
1314,75,5
1314,104,5
1314,202,5
1314,1148,5
1315,359,5
1315,562,5
1315,688,5
1315,802,5
1315,1031,5
1315,1296,5
1316,297,4
1316,573,4
1316,635,4
1316,757,4
1317,321,4
1317,373,4
1317,591,4
1317,953,4
1317,1173,4
1317,1271,4
1318,125,3
1318,311,3
1318,397,3
1318,428,3
1318,480,3
1318,849,3
1318,1034,3
1318,1047,3
1318,1314,3
1319,288,4
1319,710,4
1319,842,4
1319,960,4
1320,697,4
1320,1030,4
1320,1035,4
1320,1227,4
1320,1349,1
1321,69,4
1321,421,4
1321,815,4
1321,901,4
1321,902,4
1321,1061,4
1321,1068,4
1322,113,2
1322,143,2
1322,247,2
1322,314,2
1322,408,2
1322,417,2
1322,920,2
1323,46,3
1323,994,3
1323,1121,3
1323,1156,1
1323,1390,1
1324,392,4
1324,479,4
1324,638,4
1324,702,4
1324,942,4
1324,1133,4
1325,753,4
1325,937,4
1325,1110,4
1325,1218,4
1325,1293,4
1326,59,4
1326,632,4
1327,198,1
1327,312,1
1327,380,1
1327,533,1
1327,751,1
1327,1012,1
1327,1052,1
1327,1094,1
1327,1199,1
1327,1389,1
1328,194,2
1328,430,2
1328,433,2
1328,481,2
1328,563,2
1328,682,2
1328,763,2
1328,833,2
1328,860,2
1328,1162,2
1328,1422,2
1329,371,5
1329,498,5
1329,528,5
1329,768,5
1329,862,5
1329,1045,5
1330,275,2
1330,552,2
1330,605,2
1330,1040,2
1330,1208,2
1330,1243,5
1330,1413,2
1331,1379,1
1332,189,3
1332,270,3
1332,469,3
1332,645,3
1332,939,3
1332,1018,3
1332,1109,3
1332,1330,5
1333,128,4
1333,291,4
1333,354,4
1333,805,4
1333,915,4
1333,958,1
1333,1401,4
1334,97,2
1334,329,2
1334,371,2
1334,480,2
1334,572,2
1334,1016,2
1334,1090,2
1334,1144,2
1334,1328,2
1334,1424,2
1335,29,1
1335,31,1
1335,100,1
1335,182,1
1335,253,1
1335,713,1
1336,3,2
1336,15,2
1336,175,2
1336,292,2
1336,358,2
1336,447,2
1336,607,2
1336,654,2
1336,1028,2
1336,1072,2
1336,1116,5
1336,1156,2
1336,1179,2
1336,1181,2
1336,1260,2
1336,1388,2
1337,209,4
1337,613,4
1338,135,5
1338,235,4
1338,469,4
1338,710,4
1338,775,5
1338,784,4
1338,821,4
1338,892,4
1338,913,4
1338,1233,4
1339,228,4
1339,305,4
1339,520,4
1339,572,4
1340,377,4
1340,700,4
1340,744,4
1340,1200,4
1340,1203,4
1341,150,1
1341,237,1
1341,531,1
1341,543,1
1341,628,1
1341,659,1
1341,699,1
1341,1173,1
1342,234,4
1342,384,4
1342,627,4
1342,643,4
1342,881,4
1342,1029,4
1342,1038,4
1342,1348,4
1343,27,1
1343,190,1
1343,427,1
1343,658,1
1343,707,1
1343,748,1
1343,793,1
1343,1084,1
1344,24,1
1344,138,1
1344,191,1
1344,246,1
1344,859,1
1344,884,5
1344,1010,1
1344,1224,1
1344,1230,1
1344,1305,1
1344,1382,5
1345,393,3
1345,584,3
1345,586,3
1345,648,3
1345,1121,3
1345,1227,3
1346,107,3
1346,188,3
1346,192,3
1346,335,3
1346,767,3
1346,1244,3
1346,1303,3
1346,1394,3
1347,266,1
1347,570,4
1347,646,4
1347,698,4
1347,1169,4
1348,268,4
1348,479,4
1348,640,4
1348,1115,4
1348,1134,4
1349,14,1
1349,279,1
1349,781,1
1349,825,1
1349,1198,1
1349,1263,1
1349,1344,1
1350,145,4
1350,191,4
1350,649,4
1350,893,4
1350,952,4
1350,1336,4
1350,1362,4
1351,428,5
1351,736,5
1352,275,5
1352,1015,5
1353,11,2
1353,277,2
1353,283,2
1353,484,2
1353,942,2
1354,176,5
1354,1095,4
1354,1288,4
1354,1328,4
1355,77,5
1355,90,5
1355,984,5
1355,1055,5
1355,1073,5
1355,1401,5
1355,1402,5
1356,508,1
1356,968,1
1356,1049,1
1356,1235,1
1357,131,4
1357,358,4
1357,524,4
1357,1033,4
1357,1108,4
1357,1385,4
1358,357,1
1358,378,1
1358,696,1
1358,946,1
1358,1208,1
1358,1284,1
1359,5,2
1359,26,2
1359,56,2
1359,449,2
1359,499,5
1359,563,2
1359,794,2
1359,803,2
1359,1047,2
1359,1180,2
1360,114,3
1360,285,5
1360,350,3
1360,467,3
1360,560,3
1360,673,3
1360,753,3
1361,404,3
1361,712,3
1361,822,3
1361,1092,3
1361,1278,3
1362,125,3
1362,442,3
1362,844,3
1362,857,3
1362,1070,3
1362,1415,3
1363,169,4
1363,173,4
1363,319,4
1363,745,4
1363,789,1
1363,897,4
1363,915,4
1363,1140,4
1364,463,1
1364,1215,1
1365,155,1
1365,740,1
1365,846,1
1365,960,1
1365,1143,1
1365,1337,1
1366,25,2
1366,292,2
1366,364,2
1366,613,2
1366,799,2
1366,1055,2
1366,1166,2
1366,1364,5
1367,9,1
1367,321,1
1367,712,1
1367,897,1
1367,1012,1
1367,1128,1
1368,107,4
1368,294,4
1368,307,4
1368,361,4
1368,943,4
1368,967,4
1368,1107,4
1368,1191,4
1368,1232,4
1368,1411,4
1369,325,1
1369,347,1
1369,861,1
1369,902,1
1369,1050,1
1369,1146,1
1369,1228,1
1370,176,5
1370,425,5
1370,505,5
1370,713,5
1371,70,3
1371,172,3
1371,195,5
1371,271,3
1371,582,3
1371,585,5
1371,707,3
1371,734,3
1371,1143,3
1371,1149,3
1372,10,1
1372,521,1
1372,651,1
1372,683,1
1372,689,1
1372,797,1
1372,808,1
1372,819,1
1372,834,1
1373,61,5
1373,756,5
1373,760,5
1373,981,5
1373,1245,5
1374,101,1
1374,351,1
1374,640,1
1374,681,1
1374,1103,1
1374,1159,1
1374,1232,1
1374,1257,1
1375,802,1
1375,849,1
1375,860,1
1375,917,1
1375,942,1
1375,1028,1
1376,118,2
1376,629,2
1376,1065,2
1376,1079,2
1377,129,1
1377,268,1
1377,480,1
1377,488,1
1377,631,1
1378,146,2
1378,489,2
1378,741,2
1378,1061,2
1378,1255,2
1379,74,1
1379,331,1
1379,425,1
1379,570,1
1379,581,1
1379,730,1
1379,759,1
1379,768,1
1379,845,1
1380,598,2
1380,604,2
1380,996,2
1381,476,2
1381,663,2
1381,864,2
1381,1012,2
1381,1173,2
1381,1388,2
1382,664,2
1382,859,2
1382,1121,2
1382,1155,2
1382,1254,2
1382,1266,2
1382,1380,2
1382,1383,2
1383,40,4
1383,255,4
1383,330,4
1383,378,4
1383,526,4
1383,777,4
1383,1334,4
1384,425,4
1384,715,4
1384,873,4
1384,1416,4
1385,607,2
1385,862,2
1385,874,2
1385,1340,2
1385,1343,2
1386,484,3
1386,619,3
1386,628,3
1386,918,3
1386,1160,3
1386,1280,3
1386,1310,3
1387,506,3
1387,531,3
1388,160,4
1388,241,4
1388,477,4
1388,1006,4
1388,1192,4
1389,274,3
1389,352,3
1389,565,3
1389,603,3
1389,673,3
1389,777,3
1389,807,3
1389,868,3
1390,281,3
1390,584,3
1390,1090,3
1391,120,4
1391,210,4
1391,407,4
1391,528,4
1391,796,4
1391,1237,4
1392,198,1
1392,210,1
1392,721,1
1392,1091,1
1392,1190,1
1392,1292,1
1393,252,1
1393,844,4
1393,851,4
1393,937,4
1393,938,4
1393,964,4
1394,79,5
1394,149,5
1394,153,5
1394,349,5
1394,546,5
1394,677,5
1394,947,5
1394,1127,5
1394,1264,5
1395,199,4
1395,531,4
1395,552,4
1395,621,4
1395,811,4
1396,113,4
1396,464,4
1396,486,4
1396,931,4
1396,1196,4
1397,435,1
1397,542,1
1397,1218,1
1397,1256,1
1398,65,2
1398,113,2
1398,512,2
1398,701,2
1398,1092,1
1398,1109,2
1399,240,3
1399,312,3
1399,660,3
1399,1133,3
1399,1262,3
1399,1368,3
1400,439,2
1400,542,2
1400,628,2
1400,789,2
1400,1225,2
1401,7,4
1401,483,4
1401,1007,4
1401,1062,4
1402,78,3
1402,116,3
1402,189,3
1402,587,3
1402,977,3
1402,1157,3
1402,1354,3
1403,59,4
1403,696,4
1404,144,2
1404,316,2
1404,373,2
1404,862,2
1404,1248,2
1404,1290,2
1404,1292,2
1404,1349,2
1405,498,4
1405,579,4
1405,586,4
1405,799,4
1405,960,4
1405,1245,4
1406,403,3
1406,424,3
1406,684,3
1406,716,3
1406,774,3
1406,1115,3
1406,1191,3
1407,47,2
1407,252,2
1407,726,2
1407,1039,2
1407,1071,2
1408,15,3
1408,69,3
1408,131,3
1408,319,3
1408,555,3
1408,1034,3
1408,1286,3
1409,143,3
1409,264,3
1409,465,3
1409,515,3
1409,794,3
1409,1089,3
1409,1202,3
1409,1351,3
1410,49,5
1410,526,5
1410,665,1
1410,850,5
1410,995,5
1410,1024,5
1410,1332,5
1411,24,4
1411,447,5
1411,601,4
1411,702,4
1411,899,4
1411,1122,4
1411,1319,5
1412,127,5
1412,425,5
1412,828,5
1412,1024,5
1412,1044,5
1413,14,1
1413,317,1
1413,517,1
1413,626,1
1413,629,1
1413,661,1
1413,880,1
1413,883,1
1413,1248,1
1413,1283,1
1413,1356,1
1414,135,3
1414,456,3
1414,520,3
1414,529,3
1414,829,3
1415,36,4
1415,122,4
1415,123,4
1415,749,5
1415,806,4
1415,970,4
1416,18,4
1416,172,4
1416,427,4
1416,611,4
1416,1278,4
1417,232,4
1417,491,4
1417,1031,4
1417,1291,1
1417,1360,4
1418,147,4
1418,479,4
1418,498,4
1418,517,4
1418,668,4
1418,882,4
1418,1213,4
1419,143,1
1419,160,1
1419,547,1
1419,778,1
1419,842,1
1419,1397,1
1419,1417,1
1420,90,5
1420,141,4
1420,374,4
1420,850,4
1421,146,4
1421,218,4
1421,543,4
1421,663,4
1421,1039,4
1421,1041,4
1422,118,2
1422,261,2
1422,598,2
1422,641,2
1422,693,2
1422,746,2
1422,1193,2
1423,362,4
1423,965,4
1423,1193,4
1423,1331,4
1424,74,1
1424,259,1
1424,270,1
1424,379,1
1424,561,1
1424,977,1
