id_user,id_project,rating
1,1119,4
1,300,3
1,11,4
1,1121,1
1,937,4
32,481,4
32,1185,2
32,108,3
32,1043,4
32,782,5
32,628,3
32,760,3
33,239,2
33,647,4
33,724,5
33,1298,4
34,910,3
34,60,4
34,7,2
34,776,2
34,276,2
35,742,4
35,972,5
35,161,5
35,13,5
35,1090,4
36,269,1
36,646,2
36,1079,3
36,1415,4
36,1288,3
36,972,5
36,1010,4
36,908,5
36,426,4
36,743,5
37,668,1
37,677,4
37,140,4
37,266,1
37,618,1
38,520,4
38,529,5
38,281,4
38,1025,4
38,1186,3
38,190,2
38,1206,3
39,430,4
39,932,4
39,979,2
39,45,4
39,474,4
39,53,2
39,366,3
40,813,4
40,885,4
40,493,4
40,610,3
40,982,2
40,1201,4
40,1296,5
40,717,1
40,1383,4
40,325,4
41,399,1
41,1217,4
41,923,1
41,889,1
41,1085,2
41,733,4
42,824,4
42,1042,1
43,723,1
43,315,1
43,1047,4
43,312,3
43,1065,2
43,421,5
43,720,3
43,652,2
44,266,1
44,1049,2
44,91,2
44,982,2
44,811,3
44,430,4
45,395,4
45,867,1
45,652,2
45,62,5
45,691,2
45,235,5
46,178,5
46,725,4
46,122,4
46,508,1
46,787,1
46,1323,3
46,1200,5
47,1407,2
47,625,3
47,615,4
47,520,4
47,1300,3
48,320,5
48,1009,4
48,1011,2
48,1041,1
49,1305,5
49,1051,5
49,1410,5
49,1006,3
49,433,3
49,1016,1
49,844,4
49,1008,3
49,747,1
49,76,3
50,391,1
50,412,1
50,1242,4
50,1045,2
50,1035,3
51,105,2
51,1003,3
51,1244,3
51,807,3
51,823,3
51,819,4
51,678,1
51,1110,4
51,517,1
52,1053,1
52,1233,1
52,730,5
53,767,1
53,524,4
53,1037,2
53,1119,4
53,402,4
53,961,1
53,804,1
53,922,4
53,1101,1
54,1248,4
54,448,1
54,1128,4
54,1241,2
55,65,2
55,1269,2
55,567,5
55,400,4
55,1236,4
55,1039,3
56,845,5
56,404,3
56,1193,4
56,1101,1
56,442,2
56,1271,1
56,56,5
56,1359,2
57,44,1
57,922,4
57,106,1
57,519,4
57,733,4
57,1211,4
58,22,3
58,328,1
58,861,2
58,180,3
58,822,4
58,1037,2
58,862,1
58,193,1
59,768,4
59,1159,3
59,539,3
59,573,4
59,1403,4
59,338,1
59,1326,4
60,772,3
60,512,2
60,327,3
60,950,4
61,1283,4
61,29,4
61,430,4
61,543,4
61,297,3
61,1373,5
62,1074,4
62,1252,4
62,1040,4
62,15,3
62,581,4
62,791,2
62,856,1
63,400,4
63,646,2
63,289,4
63,1037,2
63,973,2
63,710,1
63,663,3
64,321,5
64,1314,5
64,877,3
64,186,4
64,979,2
64,230,2
65,758,2
65,442,2
65,1398,2
65,1086,3
65,986,4
66,632,5
66,879,4
66,765,4
66,52,5
66,320,3
66,1095,2
66,134,4
66,1208,4
66,1252,4
67,992,4
67,1173,3
67,537,4
67,586,3
67,95,1
67,1159,3
68,382,1
68,1264,2
68,1295,5
68,153,4
69,909,1
69,1321,4
69,793,1
69,1408,3
69,424,4
69,818,2
69,687,3
69,657,4
69,1116,4
70,501,4
70,1371,3
70,1309,2
70,771,2
70,6,4
70,925,4
70,580,4
71,663,3
71,1137,1
71,465,4
71,1168,2
71,649,4
71,892,2
71,446,2
71,42,1
72,449,4
72,466,4
72,403,3
72,725,4
72,804,1
72,235,5
72,588,4
72,225,3
72,297,3
73,389,2
73,1009,4
73,1052,4
73,857,5
73,1065,2
73,1251,1
73,149,5
73,892,2
74,1379,1
74,616,1
74,1255,3
74,274,4
74,830,2
74,1424,1
74,948,4
75,299,5
75,709,3
75,952,4
75,949,3
75,327,3
75,701,4
75,1098,5
75,1314,5
75,879,4
76,715,2
76,748,3
76,744,2
76,756,2
76,334,3
76,735,3
76,37,4
76,693,3
77,679,4
77,233,4
77,837,5
77,1355,5
77,657,4
78,1203,3
78,1402,3
78,615,4
78,93,4
78,937,4
79,132,4
79,1113,3
79,616,1
79,1394,5
79,362,2
79,54,5
80,1306,2
80,135,3
80,566,4
80,271,4
80,841,3
80,873,3
80,1221,1
81,715,2
81,94,5
81,814,1
81,1059,1
81,711,1
82,1012,3
82,1066,3
82,1053,1
82,504,1
82,1194,3
82,1306,2
82,767,1
82,185,2
82,1055,4
82,448,1
83,545,2
83,1176,1
83,859,3
83,1304,3
83,237,4
83,279,4
83,485,2
83,1164,2
83,1064,1
83,1044,3
84,811,3
84,794,3
84,181,2
84,228,1
84,683,1
84,357,4
84,566,5
85,1277,5
85,332,4
85,1008,3
85,786,5
85,429,1
85,359,2
86,504,1
86,976,1
86,241,4
86,859,5
86,1185,2
87,1194,3
87,365,4
87,1119,4
87,1116,4
87,1155,3
87,173,4
88,300,3
88,98,3
88,996,3
88,560,2
88,628,3
88,90,2
88,315,1
88,930,3
89,65,2
89,1252,4
89,878,1
89,786,3
89,1015,4
89,218,2
89,1004,3
89,765,4
90,128,1
90,1100,3
90,310,3
90,987,4
90,1004,3
90,1003,3
90,1176,3
90,1420,5
90,1355,5
91,950,4
91,257,2
91,332,4
91,19,4
91,447,4
91,794,3
91,1233,1
92,1061,5
92,751,3
92,9,4
92,1000,4
92,1303,5
93,570,5
93,388,2
93,813,4
93,590,5
93,493,4
94,951,2
94,730,2
94,1016,1
94,98,3
94,512,2
95,580,1
95,641,3
95,624,1
95,907,1
95,672,2
96,412,1
96,496,1
96,208,3
96,945,4
96,1058,3
97,1334,2
97,863,1
97,799,3
97,734,4
97,185,2
97,915,1
98,502,1
98,1174,4
98,1079,3
98,600,1
98,523,3
98,485,5
99,976,1
99,543,4
99,159,4
99,839,4
99,1246,1
99,1002,3
99,124,4
100,1229,4
100,1335,1
100,125,2
100,1091,3
100,1268,1
100,1216,3
101,712,2
101,1374,1
101,1113,3
101,237,4
101,26,3
101,829,4
101,886,2
101,544,4
101,376,5
102,801,5
102,413,4
102,657,4
103,914,1
103,349,2
103,320,3
103,273,4
103,789,3
103,413,4
103,936,1
103,281,4
103,169,4
104,209,1
104,639,1
104,1238,3
104,1314,5
104,1295,5
104,993,1
105,860,1
105,217,4
105,786,3
106,584,4
106,1284,2
106,40,4
106,1115,4
106,1098,5
106,1135,4
106,403,3
106,1267,1
106,604,4
106,887,1
107,504,1
107,832,4
107,1346,3
107,407,4
107,416,4
107,1368,4
107,52,2
108,465,4
108,1062,3
108,1148,4
108,217,4
108,79,4
109,310,3
109,291,5
109,110,5
109,1148,4
110,377,4
110,175,3
110,97,2
110,55,2
110,1295,5
110,1016,1
110,1241,2
110,866,4
110,1044,3
111,737,4
111,730,2
111,792,4
112,1094,3
112,418,4
112,276,2
112,1183,1
112,1072,4
112,229,3
112,923,1
112,795,4
113,391,1
113,1396,4
113,1227,4
113,1322,2
113,1398,2
113,617,5
113,162,5
113,416,1
113,879,4
114,193,1
114,107,3
114,1360,3
114,335,4
114,1002,3
115,219,5
115,1199,1
115,454,3
115,1145,3
115,1244,3
115,156,3
115,1041,1
115,394,5
116,319,2
116,555,4
116,526,3
116,967,2
116,1402,3
116,233,4
116,613,1
117,823,3
117,1057,3
117,1135,4
117,480,2
117,882,4
117,51,4
117,122,4
117,381,4
117,939,2
118,1376,2
118,1041,1
118,215,1
118,1103,4
118,1170,4
118,1422,2
118,854,3
118,470,4
119,829,4
119,1065,2
119,88,2
119,1067,4
119,595,1
119,934,4
119,212,4
120,1041,1
120,104,4
120,1391,4
120,596,1
120,506,1
121,361,5
121,1283,4
121,48,3
121,12,5
121,476,1
121,261,4
121,808,2
121,240,4
121,1262,4
122,524,4
122,357,4
122,1131,3
122,644,3
122,1069,4
122,1178,4
122,1415,4
122,1299,4
123,892,2
123,975,1
123,321,5
123,889,1
123,1415,4
124,1012,3
124,584,4
124,56,5
124,1263,4
125,1362,3
125,140,4
125,855,4
125,1318,3
125,1203,3
125,1257,4
125,1295,5
125,1186,3
126,1175,4
126,642,3
126,446,2
126,284,1
127,1412,5
127,1074,4
127,1117,2
128,577,1
128,1155,3
128,922,4
128,1333,4
128,1191,4
128,93,4
129,927,2
129,1377,1
129,660,4
129,1180,5
129,255,5
129,875,1
129,108,3
129,342,3
130,453,4
130,592,4
130,949,3
131,139,4
131,906,3
131,1357,4
131,1007,3
131,1408,3
131,850,2
131,406,4
132,969,4
132,154,4
132,1202,2
132,463,4
132,436,5
132,155,5
132,1205,2
133,176,5
133,926,2
133,1176,3
133,1016,1
133,1085,2
133,961,1
133,333,1
133,30,5
133,882,4
134,1134,4
134,982,2
134,15,3
134,950,4
134,1103,4
134,77,3
135,713,3
135,76,3
135,960,4
135,1414,3
135,457,4
135,1338,5
135,424,4
135,314,4
135,1285,2
135,950,4
136,1108,3
136,731,1
136,274,4
136,495,3
137,593,5
137,454,3
137,522,4
137,1145,3
137,63,5
137,652,2
137,81,2
138,1195,2
138,1049,2
138,929,2
138,1158,5
138,1344,1
139,1244,3
139,368,3
139,932,4
139,895,2
139,986,4
139,933,2
139,896,4
139,1060,1
140,531,4
140,388,2
140,1215,1
140,977,1
140,957,2
140,36,4
140,365,4
140,206,2
140,210,3
141,111,4
141,118,3
141,519,4
141,1420,4
141,665,4
141,787,1
141,205,2
142,999,1
142,803,4
142,125,2
142,670,4
142,855,4
142,114,4
142,1173,3
143,144,1
143,1003,3
143,126,2
143,1409,3
143,49,4
143,1322,2
143,1419,1
143,85,1
143,926,2
144,342,3
144,488,1
144,229,3
144,248,3
144,420,4
144,427,5
144,999,1
144,1404,2
144,1104,3
145,351,1
145,1350,4
145,113,4
145,1105,4
145,725,4
145,824,4
145,180,3
145,353,3
146,126,2
146,1421,4
146,1030,4
146,771,2
146,976,1
146,1378,2
146,347,4
146,303,5
147,296,5
147,237,4
147,902,4
147,457,4
147,1418,4
147,291,5
147,1137,1
147,130,2
148,304,5
148,387,4
148,531,4
148,100,4
148,300,3
149,947,1
149,505,4
149,1170,4
149,1161,2
149,1117,2
149,620,3
149,852,4
149,1394,5
149,1104,3
150,1048,1
150,1240,3
150,330,2
150,1341,1
151,436,5
151,750,3
151,196,5
151,632,5
151,271,4
151,991,1
151,375,4
151,1031,1
152,1212,4
152,917,4
152,44,1
152,1042,1
152,577,1
152,1278,2
152,531,4
153,850,2
153,480,2
153,398,4
153,790,1
153,1304,3
153,1394,5
154,34,4
154,1273,4
154,818,2
154,1039,3
154,1202,2
154,210,1
155,1001,4
155,1070,4
155,1365,1
155,955,3
156,308,2
156,118,1
156,653,4
156,1259,2
157,420,5
157,1166,1
157,369,1
157,1181,2
157,1103,4
158,1266,2
158,113,4
158,155,5
158,254,3
158,1244,3
158,1170,4
158,782,5
158,145,4
159,738,5
159,308,2
159,800,4
160,16,4
160,1388,4
160,421,5
160,320,3
160,1419,1
160,120,5
160,1240,3
160,920,5
161,1056,2
161,326,4
161,269,1
161,397,4
161,416,4
161,248,3
161,539,3
161,868,3
162,304,5
162,1142,4
162,704,4
162,806,5
162,722,1
162,346,1
163,831,4
163,48,3
163,838,5
163,1028,1
163,656,3
163,530,3
164,1228,3
164,256,1
164,894,1
164,1002,3
164,1025,4
164,541,4
165,1241,2
165,320,3
165,273,4
165,390,3
166,653,4
166,1224,2
166,186,4
166,70,5
166,838,5
166,967,2
166,1050,4
167,613,1
167,906,3
167,1,5
167,88,2
167,1164,2
167,814,1
167,303,5
167,691,2
168,959,1
168,970,4
168,677,4
168,992,4
168,747,1
169,444,5
169,666,3
169,778,1
169,1363,4
169,1044,3
169,279,4
169,1072,4
170,95,1
170,543,4
170,955,3
170,200,4
170,1006,3
171,12,5
171,961,5
171,813,4
171,592,1
171,309,2
171,837,5
171,278,1
172,1416,4
172,924,4
172,1371,3
172,754,2
172,925,4
172,983,4
172,77,3
172,588,4
172,486,4
173,455,4
173,1221,1
173,79,4
173,1363,4
173,920,1
174,667,1
174,1052,4
174,701,4
174,598,3
174,42,1
174,424,4
174,1223,1
174,183,3
175,1336,2
175,42,1
175,750,3
176,64,4
176,45,4
176,1354,5
176,188,1
176,1370,5
176,1269,2
176,46,5
176,256,1
177,1116,4
177,284,1
177,1017,4
177,743,5
177,355,4
177,62,1
178,380,5
178,1288,3
178,638,4
178,1084,4
178,165,2
178,1125,4
178,367,5
178,1305,5
179,28,4
179,559,1
179,725,4
179,1301,3
179,975,1
179,14,3
180,642,3
180,941,3
180,942,4
180,902,4
181,321,5
181,233,4
181,676,5
181,391,1
182,593,5
182,387,4
182,496,5
182,677,4
182,278,2
182,551,4
182,1335,1
183,1313,5
183,372,4
183,608,5
183,162,3
184,691,2
184,1280,3
184,110,5
184,1147,1
184,384,2
184,735,3
185,235,5
185,522,4
185,818,2
185,339,4
185,1288,3
185,1236,4
185,335,4
185,30,5
185,364,5
185,25,2
185,257,2
186,319,2
186,1067,4
186,633,4
186,936,3
186,135,3
187,1177,1
187,661,4
187,928,1
188,1346,3
188,509,3
188,521,4
188,200,4
189,192,1
189,110,4
189,1332,3
189,932,4
189,1082,4
189,197,1
189,386,4
189,1402,3
190,541,4
190,1343,1
191,140,4
191,1344,1
191,915,1
191,966,3
191,524,1
191,1350,4
192,613,1
192,1098,5
192,164,4
192,1090,4
192,1346,3
192,139,4
193,515,2
193,1021,3
193,603,2
194,680,4
194,1328,2
194,977,4
194,662,5
194,927,2
194,185,2
194,115,4
194,1095,2
194,247,4
194,1002,3
194,1136,4
195,953,1
195,863,1
195,1371,5
195,904,1
195,656,3
195,709,3
195,143,2
196,1295,5
196,1057,3
196,32,4
196,846,5
196,607,1
196,887,1
197,1277,5
197,287,4
197,1209,4
198,1327,1
198,1392,1
198,1069,4
198,406,4
198,838,5
198,16,4
198,556,2
198,151,1
199,573,4
199,1395,4
199,549,3
199,201,5
199,574,5
199,66,2
200,490,2
200,1307,3
200,56,5
200,1007,3
200,1162,4
200,1092,1
200,588,4
200,706,4
201,1223,1
201,403,3
201,105,2
201,260,1
201,572,2
201,738,4
201,511,4
202,1314,5
202,584,4
202,342,3
202,68,4
202,536,4
202,803,4
202,718,5
202,112,4
203,85,1
203,1081,1
203,410,2
203,560,2
203,337,1
204,632,5
204,320,3
204,201,5
204,606,4
204,536,4
205,540,5
205,15,1
205,165,2
205,444,5
205,57,5
205,1261,3
206,1275,3
206,1134,4
206,263,4
206,966,3
206,1298,4
206,1181,2
206,407,4
206,922,4
207,397,4
207,1128,4
207,314,4
208,536,4
208,685,1
208,1115,4
208,557,5
208,1141,4
208,120,5
208,410,2
209,651,5
209,132,4
209,678,1
209,1337,4
209,1077,4
209,998,3
210,1391,4
210,1011,2
210,154,4
210,670,4
210,862,1
210,919,5
210,1040,4
210,1392,1
211,52,2
211,957,2
211,916,3
211,770,2
211,1302,3
211,1104,3
212,889,1
212,358,1
212,1207,2
212,688,4
212,267,2
213,1234,4
213,1278,2
213,1109,1
213,1148,4
213,652,2
213,882,1
213,989,5
214,702,4
214,873,3
214,767,1
214,368,3
214,1172,1
214,724,4
214,596,1
214,110,4
214,606,4
215,1189,4
215,754,2
215,1285,2
215,704,4
216,125,2
216,333,1
216,909,1
216,801,5
217,951,2
217,1093,1
217,50,4
217,65,2
217,491,2
218,151,1
218,328,1
218,365,4
218,1206,5
218,1152,5
218,1421,4
218,333,1
218,1207,2
218,1012,3
219,1298,4
219,443,3
219,385,4
219,1097,1
219,319,2
219,441,2
220,617,4
220,103,5
220,122,4
220,89,1
220,684,1
221,419,1
221,950,4
221,581,4
221,84,1
221,171,1
221,675,2
221,217,1
222,730,2
222,461,4
222,527,4
222,672,2
222,861,2
222,941,3
222,1277,5
223,345,2
223,1239,3
223,906,3
223,1234,4
223,274,4
223,359,2
224,507,1
224,322,2
224,623,2
225,831,4
225,902,4
225,677,4
225,517,1
225,322,2
225,1037,2
225,194,4
226,69,3
226,575,4
226,216,5
226,1208,1
226,131,4
227,106,1
227,1002,3
227,1207,1
227,641,3
227,1044,3
227,372,4
227,1204,4
228,651,1
228,1230,3
228,243,4
228,1291,1
228,628,3
228,281,4
228,327,3
228,1339,4
229,833,2
229,989,5
229,9,4
229,136,2
229,823,3
230,515,5
230,826,2
231,876,4
231,50,4
231,516,4
231,314,4
231,263,4
232,52,2
232,3,3
232,134,4
232,1417,4
233,625,5
233,188,1
233,351,1
233,1009,4
233,636,5
233,959,1
234,927,2
234,1342,4
234,842,2
235,124,4
235,1165,2
235,901,2
235,446,2
235,1295,5
235,1338,4
235,1143,1
235,929,2
236,849,2
236,404,3
236,344,3
236,952,4
236,1185,2
236,1077,4
236,1147,1
236,353,3
236,1208,4
237,695,3
237,1341,1
237,716,1
237,219,5
237,14,3
237,640,4
237,715,2
238,680,4
238,1154,2
238,474,4
238,487,2
238,456,4
238,447,4
238,311,3
238,520,4
239,515,2
239,359,2
239,644,3
239,423,5
239,456,1
239,696,2
240,1117,5
240,1136,4
240,1399,3
240,1124,1
240,216,5
240,172,4
240,213,4
241,619,4
241,52,2
241,309,5
241,1022,3
241,267,5
241,1388,4
241,959,1
241,1020,3
242,409,2
242,577,1
242,893,4
242,242,1
242,1061,5
242,405,3
243,36,4
243,165,2
243,944,1
243,1144,5
243,861,2
244,798,4
245,485,2
245,61,5
245,937,4
245,367,5
245,595,1
245,1213,2
245,1279,3
246,872,4
246,1344,1
247,1322,2
247,952,4
247,1211,4
247,214,4
247,407,4
247,781,4
248,607,1
248,327,3
248,386,1
248,1270,4
248,655,3
248,1030,1
248,454,3
248,842,2
249,748,3
249,225,3
249,647,4
249,68,4
250,978,4
250,641,3
250,1307,3
251,135,3
251,105,5
251,859,3
251,645,3
251,997,1
252,1407,2
252,931,3
252,1393,1
252,738,4
253,1291,1
253,21,5
253,434,4
253,614,3
253,1335,1
254,368,3
254,105,2
254,1040,4
254,218,2
255,901,2
255,1383,4
255,615,4
255,689,3
255,107,3
255,759,4
255,1018,4
255,253,5
255,205,5
256,905,3
256,851,4
256,652,2
256,1189,4
256,50,4
256,530,3
256,685,1
256,1051,5
256,1312,5
256,364,5
256,77,3
257,1165,2
257,743,5
257,958,3
257,1070,4
257,717,1
257,86,4
257,560,2
257,703,5
258,1204,4
258,65,2
258,436,5
258,772,1
258,165,2
258,242,1
258,349,2
258,1237,3
258,505,4
258,1272,4
258,1230,5
258,1168,2
259,919,2
259,484,1
259,1424,1
259,716,1
260,808,2
260,557,5
260,1252,4
260,600,1
260,781,4
260,190,2
260,236,5
260,629,4
261,1422,2
261,1229,4
261,990,2
261,645,3
261,788,5
262,65,2
262,99,5
262,1214,4
262,723,1
262,132,4
262,1090,4
263,87,5
263,406,4
263,1219,4
263,323,1
263,635,5
263,601,4
263,984,4
264,616,1
264,264,4
264,1220,3
264,1409,3
264,1243,4
264,742,4
264,821,4
264,1122,5
264,561,4
265,1313,5
265,1036,2
265,974,4
265,1001,4
265,183,3
265,615,4
265,676,5
265,872,4
266,452,4
266,510,2
266,845,5
266,1045,2
266,356,4
266,87,5
266,934,4
266,320,3
266,1347,1
266,1127,5
266,494,4
267,960,5
267,251,4
267,8,2
267,234,2
267,1253,1
267,642,5
268,520,4
268,1377,1
268,824,1
268,675,2
268,1348,4
268,128,1
268,80,1
268,308,2
268,1190,4
269,926,1
269,538,2
269,530,3
269,899,5
269,231,5
269,352,2
269,17,5
269,871,2
270,1424,1
270,1332,3
270,1105,4
270,419,3
270,1077,4
270,1160,4
270,499,2
270,1042,1
271,1371,3
271,1071,3
271,889,1
271,945,4
271,145,4
271,414,1
271,121,2
272,1153,4
272,707,2
272,522,4
272,44,1
272,1079,3
272,1196,3
273,806,3
273,124,4
273,717,1
274,1389,3
274,450,1
274,654,2
274,510,2
274,3,3
274,810,2
275,411,1
275,1352,5
275,145,4
275,1096,4
275,88,2
275,846,1
275,1330,2
275,744,2
275,236,1
276,1259,2
276,469,5
276,1128,4
276,777,2
276,1160,4
276,957,2
276,58,2
277,612,3
277,52,2
277,1211,4
277,878,1
277,483,2
277,1353,2
277,505,4
277,644,3
277,75,5
278,495,3
278,1015,4
278,780,1
278,55,2
278,893,4
278,593,5
278,691,2
278,1214,4
279,841,3
279,1349,1
279,723,1
279,876,4
279,1160,4
279,413,4
280,262,4
280,494,4
280,546,3
280,850,2
280,663,3
280,314,4
281,525,3
281,1196,3
281,1390,3
281,491,2
281,1307,3
282,90,2
282,572,2
282,927,2
282,540,5
282,288,4
282,564,1
282,771,2
282,1049,2
282,1032,4
283,68,4
283,998,3
283,1251,1
283,22,3
283,1353,2
283,80,1
283,686,4
283,347,4
283,333,1
284,607,1
284,1205,2
284,944,1
284,387,4
284,198,3
285,710,1
285,152,4
285,1204,4
285,715,2
285,308,2
285,845,5
285,1360,5
285,24,1
286,12,5
286,683,1
286,895,2
286,684,1
287,1266,2
287,196,4
287,120,5
287,1163,1
287,638,4
287,2,1
287,1245,4
287,115,4
288,1319,4
288,617,4
288,1098,1
288,129,2
289,1247,3
289,16,4
289,82,1
289,731,1
289,1045,2
289,339,4
290,629,4
290,1000,4
290,202,4
290,1125,4
290,525,3
291,543,4
291,943,4
291,981,5
291,431,1
291,927,5
291,1333,4
291,128,1
292,1366,2
292,364,5
292,1336,2
292,239,2
292,210,3
293,998,3
293,1085,2
293,725,4
293,87,5
294,279,4
294,1169,4
294,752,1
294,757,4
294,871,2
294,886,2
294,1119,4
294,505,4
294,1368,4
295,1140,3
295,732,5
295,955,3
295,756,2
295,498,2
295,565,4
295,613,1
296,295,4
296,902,4
296,466,4
296,1290,3
296,99,5
296,807,3
296,998,3
296,980,2
297,1144,5
297,137,5
297,978,4
297,1222,5
297,1316,4
298,31,4
298,251,4
298,1016,1
298,530,3
298,693,3
299,1182,5
299,710,1
299,351,1
299,872,4
299,1285,2
299,1267,1
299,527,4
300,929,2
300,959,1
300,230,2
300,1277,5
300,1200,5
300,1276,4
301,778,1
301,640,4
301,1109,1
302,482,4
302,673,4
302,398,4
303,185,2
303,1230,3
303,272,3
303,425,4
303,1139,4
303,798,4
303,781,4
304,1004,3
304,287,4
304,665,4
305,1288,3
305,1339,4
305,1159,3
305,982,2
305,1262,4
305,791,2
305,726,1
305,1059,1
306,110,4
306,273,4
306,464,4
306,406,4
306,182,2
307,1222,5
307,1368,4
308,236,3
308,858,4
308,554,5
308,483,2
308,516,4
309,91,2
309,151,1
309,881,1
309,899,5
309,1028,1
309,290,4
310,367,5
310,991,1
310,713,3
310,193,1
310,647,4
310,594,3
311,396,2
311,756,2
311,1223,1
311,653,4
311,1318,3
312,1126,3
312,189,3
312,1327,1
312,1399,3
312,927,2
312,828,4
312,50,4
312,912,4
313,783,3
313,385,5
313,191,4
313,265,3
313,114,4
313,719,4
313,534,5
314,652,2
314,640,4
314,355,4
314,1019,3
314,511,4
314,362,2
314,543,4
314,1322,2
314,851,4
314,96,4
314,24,1
315,60,4
315,1244,3
315,825,2
315,565,4
315,177,1
316,1267,1
316,754,2
316,851,4
316,1404,2
316,734,4
317,598,3
317,780,1
317,1413,1
318,142,4
318,573,4
318,1117,2
318,411,1
318,767,1
319,1363,4
319,471,5
319,1078,1
319,737,4
319,897,5
319,1408,3
319,946,2
319,426,4
320,660,4
320,1066,3
320,732,2
320,184,4
320,318,4
320,540,5
321,875,5
321,1367,1
321,810,2
321,333,1
321,1122,5
321,1317,4
321,1279,3
321,1059,1
321,1117,2
321,129,2
322,1254,4
322,1207,2
322,301,4
323,804,1
323,1175,4
323,790,3
323,575,4
323,214,4
323,292,2
324,1175,4
324,1260,4
324,587,4
324,1142,4
324,853,5
324,1267,1
325,875,1
325,1274,2
325,1266,2
325,1369,1
325,1162,4
325,612,3
325,930,3
326,61,5
326,836,4
326,1142,4
327,1074,4
327,704,4
327,514,1
327,705,2
327,1023,4
327,934,4
327,893,4
327,1001,4
327,972,5
328,921,4
328,519,4
328,262,4
328,329,5
328,66,2
328,170,2
328,951,2
328,718,5
329,277,3
329,1169,4
329,112,4
329,1157,3
329,1334,2
329,614,3
330,107,3
330,1072,4
330,1383,4
330,1277,5
330,77,3
330,550,2
330,1240,3
330,877,3
331,543,4
331,1237,3
331,1379,1
331,481,4
331,1276,4
331,464,4
331,1090,4
331,466,4
331,898,2
332,103,5
332,345,2
332,501,4
332,1093,1
332,752,1
332,243,4
332,153,4
332,19,4
333,842,2
333,372,4
333,416,4
333,353,3
333,459,4
334,273,4
334,1157,3
334,1223,5
334,1113,3
334,556,2
335,1346,3
335,1252,4
335,834,5
335,421,5
335,135,1
335,215,5
335,367,1
335,1291,1
336,389,2
336,236,3
336,1246,1
336,720,3
336,867,1
336,340,1
336,716,1
336,45,4
336,405,3
336,1152,3
337,733,4
337,500,5
337,979,2
337,1265,3
337,516,4
337,463,4
337,1014,3
337,428,4
337,887,1
338,641,3
338,383,3
338,1167,3
338,668,1
339,1115,5
339,3,3
339,780,1
339,1123,2
340,458,4
340,1084,4
340,113,4
340,544,4
340,290,5
340,480,2
341,573,4
341,747,1
341,287,4
341,890,4
341,518,4
341,200,4
341,429,1
341,1162,4
341,1204,4
341,77,3
341,370,4
342,1216,3
342,153,4
342,437,3
342,499,2
342,660,4
342,65,2
342,821,4
342,349,2
342,110,4
343,617,1
343,1001,4
343,742,4
343,1248,4
343,760,3
343,1290,3
344,190,2
344,905,3
344,282,4
344,444,5
344,363,5
344,1210,3
344,904,1
344,1230,3
345,432,3
345,779,1
345,548,4
345,914,1
345,711,1
345,73,4
346,266,1
346,1059,1
346,680,4
346,1041,1
346,725,4
346,111,4
347,1369,1
347,1263,4
347,472,2
347,229,3
347,1289,1
347,112,4
348,499,2
348,1237,3
348,850,2
348,173,4
348,1039,3
348,467,1
348,1004,3
348,670,4
349,700,5
349,866,4
349,1190,4
349,227,1
349,1394,5
349,283,5
350,1360,3
350,541,4
350,1311,4
350,477,3
350,1258,2
350,1200,5
351,590,5
351,456,4
351,177,1
351,157,4
351,1374,1
351,608,5
351,98,3
352,939,2
352,1180,4
352,71,4
352,1085,2
352,72,3
352,1389,3
353,624,1
353,1082,5
353,858,4
353,1108,3
353,593,5
354,565,5
354,584,4
354,974,4
354,984,4
354,347,4
354,1333,4
354,964,2
354,789,3
354,1151,4
354,253,5
355,207,3
355,54,5
355,611,3
355,635,5
355,79,4
355,430,4
355,109,2
355,1196,3
356,495,3
356,259,3
356,188,1
356,373,5
356,633,4
356,450,2
356,434,4
357,344,5
357,611,3
357,382,1
357,235,5
357,375,4
357,1279,3
357,1358,1
357,584,4
358,1336,2
358,1051,5
358,1149,4
358,1357,4
358,524,4
358,1228,3
358,1036,2
359,1315,5
359,435,1
359,391,1
359,611,3
359,304,5
359,25,2
360,712,2
360,910,3
360,410,2
360,700,5
360,1064,1
360,224,1
360,635,5
360,681,4
360,640,4
361,349,2
361,564,1
361,1368,4
361,182,2
361,1309,2
362,977,4
362,862,1
362,337,1
362,433,3
362,440,5
362,243,4
362,487,2
362,1202,2
362,1245,4
362,1423,4
363,643,2
364,1366,2
364,499,2
364,73,4
364,485,2
364,1178,4
364,561,4
364,735,3
364,876,4
365,779,1
365,554,5
365,1122,5
365,1281,1
365,562,2
365,354,5
365,326,4
366,699,3
366,1098,5
366,122,4
366,152,4
366,929,2
366,548,4
366,715,2
366,864,2
366,78,2
366,33,3
367,238,4
367,1166,1
367,927,2
367,1007,3
367,870,5
367,772,3
367,1127,4
368,831,4
368,1238,3
368,701,4
368,732,2
368,209,1
369,1163,1
369,517,1
370,478,1
370,671,5
370,215,1
370,855,4
370,329,3
370,489,3
370,312,3
370,736,2
371,251,4
371,1334,2
371,1329,5
371,488,5
371,917,4
372,635,5
372,475,4
372,275,3
372,213,4
372,715,2
372,733,4
372,936,3
373,1184,1
373,1238,3
373,1317,4
373,901,2
373,1266,2
373,1404,2
373,113,4
374,19,4
374,760,3
374,313,5
374,1241,2
374,1420,4
374,537,4
374,943,4
374,193,1
375,815,3
375,1222,5
375,1125,4
375,281,4
375,372,4
375,371,4
375,572,2
375,1152,3
375,131,4
376,957,2
376,871,2
376,675,2
376,846,1
376,490,2
377,1340,4
377,61,5
377,523,3
377,834,5
377,1120,5
377,490,2
378,855,4
378,84,1
378,1358,1
378,1383,4
379,755,4
379,324,4
379,430,4
379,1129,4
379,211,1
379,707,2
379,1424,1
379,843,3
379,1185,2
380,242,1
380,435,1
380,1327,1
380,1072,4
380,578,1
380,1207,2
380,105,2
380,840,1
381,400,4
381,681,4
381,169,4
381,996,3
381,1141,4
381,1118,4
381,1173,5
382,1302,3
382,586,3
382,985,4
382,794,3
383,1147,1
383,1071,3
383,796,1
383,588,4
383,1088,5
383,521,4
383,106,1
383,747,1
384,517,1
384,1011,2
384,215,1
384,1342,4
384,912,4
384,231,5
384,1229,4
384,607,1
384,1,5
384,1242,4
384,1272,4
385,163,4
385,70,5
385,982,2
385,294,3
385,601,4
385,1228,3
386,588,4
386,195,4
386,672,2
386,443,1
386,525,3
387,696,2
387,519,4
387,636,2
387,573,4
387,238,4
387,593,5
388,1226,4
388,720,3
388,269,1
388,718,5
388,444,5
388,193,1
388,574,4
388,276,2
389,970,4
389,794,3
389,486,4
389,876,4
390,707,2
390,944,1
390,995,4
390,1242,4
390,1099,4
390,1064,1
391,953,1
391,806,5
391,359,2
391,715,2
391,1195,2
391,588,4
391,227,1
392,663,3
392,838,5
392,11,4
392,1324,4
392,860,1
392,389,5
393,440,5
393,473,4
393,1007,3
393,1211,4
393,86,4
393,1345,3
394,1263,4
394,1160,4
394,121,2
394,968,4
394,562,2
395,150,3
395,220,2
395,1231,1
395,555,4
395,929,2
395,981,5
395,626,1
395,304,5
396,404,3
396,1113,3
396,844,4
396,870,5
396,992,4
397,399,1
397,110,4
397,1318,3
397,741,1
397,1159,3
397,437,3
397,693,3
397,663,3
398,703,5
398,1079,3
398,1196,3
398,750,3
398,1212,4
398,298,5
399,157,4
399,1070,4
399,1281,1
399,939,2
399,648,1
399,538,2
399,1015,4
400,1096,4
400,574,4
400,446,2
400,1013,4
400,924,4
400,1055,4
400,697,1
401,1305,5
401,1195,2
401,40,4
401,1271,1
401,318,1
401,902,4
401,211,1
402,674,3
402,529,2
402,128,1
403,881,1
403,126,2
403,102,5
403,877,3
403,1406,3
403,239,2
404,479,5
404,1361,3
404,1008,3
404,60,4
404,28,4
404,492,4
404,430,4
404,298,2
404,895,2
405,312,3
405,774,4
405,461,4
405,950,4
405,1229,4
405,1004,3
405,292,2
405,907,1
406,770,2
406,659,1
406,1048,1
406,1269,2
406,183,1
406,1215,1
406,774,4
407,989,5
407,753,1
407,1391,4
407,613,1
407,572,2
407,1311,4
407,836,4
408,919,2
408,234,2
408,1322,2
409,433,3
409,771,2
409,817,1
409,122,4
409,260,1
409,553,3
409,98,3
410,361,5
410,661,4
410,686,4
411,283,5
411,563,5
411,944,1
411,1064,1
411,674,3
411,1037,2
411,213,1
411,957,2
412,253,5
412,243,4
413,37,4
413,762,4
413,469,5
413,838,5
413,1087,2
413,766,4
414,894,1
414,90,2
414,986,4
414,1279,3
414,63,5
414,423,5
414,565,4
414,803,4
414,584,4
415,1133,4
415,70,5
415,1284,2
415,950,4
415,533,4
415,238,5
415,131,4
415,441,2
415,696,2
415,671,5
415,1290,3
416,1298,4
416,1129,4
416,564,1
416,720,3
416,1125,4
416,1268,1
416,1071,3
416,152,4
416,545,2
416,919,2
417,956,3
417,1322,2
417,800,4
417,443,3
417,1224,2
417,813,4
417,315,1
418,1157,3
418,587,4
418,940,1
418,1214,4
419,237,4
419,1165,2
419,155,5
419,101,2
419,511,4
420,202,5
420,1286,1
420,935,4
420,51,4
421,579,2
421,497,2
421,1280,3
421,502,1
421,1149,4
421,1321,4
422,178,4
422,854,3
422,528,3
422,830,2
422,463,4
422,1241,2
422,623,2
422,593,5
423,536,4
423,847,4
423,823,3
423,43,4
423,868,3
423,812,1
424,184,4
424,536,1
424,59,4
424,402,4
424,1406,3
424,802,2
425,1379,1
425,1412,5
425,954,2
425,1384,4
425,1370,5
425,1129,4
425,282,4
425,1018,4
426,310,3
426,655,3
426,896,4
426,938,5
426,631,4
427,646,2
427,1209,4
427,1343,1
427,509,3
427,596,1
427,1130,1
427,48,3
427,607,1
427,1416,4
427,1010,4
427,797,2
427,456,4
428,236,3
428,1262,4
428,47,4
428,92,5
428,528,3
428,1318,3
428,1351,5
429,850,2
429,1005,4
429,829,4
429,154,5
429,962,2
429,1280,3
429,465,4
430,1328,2
430,943,4
430,27,4
430,101,2
430,951,2
431,1281,1
431,366,3
431,853,5
431,512,2
431,938,4
431,1036,2
431,799,3
432,116,2
432,155,5
432,619,5
432,243,4
432,806,3
432,60,4
433,1328,2
433,432,3
433,377,4
433,168,3
433,1200,5
433,934,4
433,44,1
434,385,4
434,613,1
434,716,1
434,625,3
434,1303,5
434,1009,4
435,158,4
435,974,4
435,1397,1
435,601,4
435,64,4
435,644,3
435,852,4
435,1170,4
436,56,5
436,657,4
436,26,3
436,87,5
436,780,1
436,1281,1
436,38,3
437,142,4
437,1289,4
437,319,2
437,1211,4
438,409,2
438,341,4
438,44,1
438,815,3
438,164,4
438,1189,4
438,711,1
439,647,4
439,592,4
439,663,3
439,800,4
439,803,4
439,1400,2
439,160,1
439,980,2
439,334,3
440,850,2
440,253,5
440,717,1
440,861,2
440,853,5
440,358,4
440,530,3
441,566,4
441,853,5
441,774,4
441,814,1
441,467,1
441,959,1
441,896,4
441,317,2
442,396,2
442,813,4
442,1362,3
442,777,2
442,835,4
442,474,4
442,61,5
442,1223,1
443,618,1
443,1204,4
443,629,4
443,437,3
443,339,4
443,1297,1
443,562,2
444,681,4
444,492,4
444,819,4
444,906,3
444,1210,3
444,398,4
444,1160,4
444,1297,1
445,508,3
445,196,4
445,540,5
445,817,1
445,1073,2
446,1145,3
446,274,4
446,386,4
446,1155,3
446,359,2
447,1336,2
447,300,3
447,1277,5
447,418,4
447,943,4
447,149,5
447,1411,5
448,362,2
448,1191,4
448,1215,1
448,319,2
448,625,3
448,964,2
448,120,5
449,1132,4
449,830,2
449,1299,4
449,436,5
449,1359,2
450,969,4
450,793,5
450,884,5
450,1095,2
450,1253,1
450,888,2
451,321,5
451,265,3
451,545,2
451,917,4
451,616,1
451,237,4
452,1171,2
452,321,5
452,35,4
452,647,4
452,334,3
452,960,5
452,1286,1
453,1067,4
453,1299,4
453,860,1
453,260,1
453,106,1
453,1285,5
454,1057,3
454,1295,5
454,1223,1
454,260,1
454,270,3
455,375,4
455,10,1
455,668,1
455,1001,4
455,128,1
455,656,3
456,187,4
456,1414,3
456,300,3
456,930,3
456,768,4
456,1083,3
456,1048,1
456,447,4
456,806,3
457,11,4
457,614,3
457,520,4
457,703,5
457,43,4
457,289,4
457,825,2
457,300,3
458,1212,5
458,1286,1
459,1154,2
459,762,4
459,300,3
459,216,5
459,1259,2
459,454,1
459,629,4
459,768,4
460,1109,1
460,596,1
460,646,2
460,259,3
460,619,4
460,1305,5
460,859,3
460,751,3
460,1221,1
461,742,4
461,189,3
461,961,1
461,693,3
461,1158,2
461,1273,4
461,1037,2
462,1126,3
462,1122,5
462,1101,1
462,171,1
462,675,2
462,1074,4
462,316,2
462,994,5
462,280,3
463,269,1
463,1206,3
463,860,1
463,873,3
463,923,1
463,1288,3
463,1364,1
463,532,5
464,1396,4
464,739,3
464,644,3
464,807,3
464,649,4
465,1409,3
465,448,1
465,1007,3
465,372,4
466,1224,2
466,1207,2
466,1230,3
466,650,1
466,362,2
466,1032,4
466,384,2
467,1360,3
467,509,3
467,673,4
467,221,4
467,214,4
467,840,1
467,634,5
467,6,4
467,275,3
468,1016,1
468,445,3
468,1089,4
468,709,3
468,1246,1
468,1162,4
469,250,5
469,799,3
469,1338,4
469,1332,3
469,8,2
470,524,4
470,90,1
470,462,2
470,370,4
471,739,3
471,356,4
471,327,3
471,547,1
471,1193,1
471,521,4
472,981,5
472,826,2
472,915,1
472,838,5
472,222,3
472,277,3
473,157,4
473,68,4
473,839,4
473,819,4
473,274,4
474,994,5
474,696,2
474,537,4
474,1126,3
474,96,4
474,588,4
474,595,1
475,942,4
475,1292,1
475,233,4
475,1086,3
475,990,2
476,1381,2
476,1098,5
476,1228,1
476,479,5
476,1038,3
476,544,4
476,116,2
476,273,4
477,265,3
477,1388,4
477,957,2
477,98,3
477,868,3
477,910,3
477,551,4
478,58,2
478,1032,4
478,653,4
478,171,1
478,732,2
478,932,4
478,993,5
479,702,4
479,615,4
479,1348,4
479,903,2
479,945,4
479,1418,4
479,1324,4
479,52,2
479,491,2
479,609,4
479,909,5
479,231,5
479,1210,5
480,732,2
480,1377,1
480,1016,1
480,1318,3
480,959,1
480,449,4
480,872,4
480,1334,2
481,1328,2
481,741,1
481,455,4
481,1151,4
482,500,5
482,1276,4
482,1040,4
482,1044,3
482,747,1
482,298,2
482,654,2
483,1401,4
483,180,3
483,141,2
483,395,4
483,143,2
483,438,3
484,105,2
484,752,1
484,1386,3
484,625,3
484,608,5
484,1251,1
484,1353,2
485,1208,4
485,1070,4
485,883,1
485,976,5
486,611,3
486,764,5
486,601,4
486,1396,4
487,151,1
487,12,5
487,1203,3
487,1001,4
487,88,2
487,1283,4
487,635,5
487,1008,3
487,355,4
487,966,3
488,644,3
488,783,1
488,1377,1
488,354,5
489,1378,2
489,86,4
489,1202,2
489,1305,5
489,498,2
489,431,1
489,345,2
489,20,4
489,744,2
490,1038,3
490,413,4
490,89,1
490,206,2
491,71,4
491,998,3
491,156,3
491,8,2
491,1144,5
491,661,4
491,9,5
491,1004,3
491,1417,4
491,1273,1
492,1007,3
492,186,5
492,1093,1
492,889,1
492,487,2
492,1035,3
493,1002,3
493,625,3
493,1301,3
493,1020,3
493,897,4
493,1308,2
493,97,2
493,1307,3
493,168,3
494,930,3
494,772,3
494,1101,1
494,695,3
494,559,1
495,618,1
495,1234,4
495,656,3
495,1169,4
495,1136,4
495,245,4
495,948,4
495,225,3
495,581,4
496,226,4
496,283,5
496,677,4
496,774,4
497,257,2
497,555,4
497,558,2
497,75,5
497,41,5
497,486,4
497,568,4
498,1157,3
498,1329,5
498,473,4
498,725,4
498,1405,4
498,538,2
498,1299,4
498,1418,4
499,1359,5
499,979,2
499,1204,4
499,1,5
499,23,3
499,317,2
499,1080,1
499,567,5
500,199,4
500,161,1
500,354,5
501,939,2
501,926,2
501,542,4
501,1036,2
501,1109,1
501,378,5
502,607,1
502,454,3
503,726,1
503,852,4
503,845,5
503,1285,2
503,1163,1
503,1056,2
503,863,1
503,206,2
504,89,1
504,1258,2
504,894,1
504,224,1
504,1211,4
504,708,4
505,636,2
505,748,5
505,1021,3
505,1370,5
505,898,2
505,780,1
506,531,4
506,962,2
506,898,5
506,964,2
506,443,3
506,277,3
506,1291,1
506,703,5
506,1387,3
507,115,4
507,563,5
507,783,3
507,712,2
507,1150,4
507,412,1
508,1281,1
508,1356,1
508,286,3
508,848,3
508,155,5
508,364,5
508,1103,4
509,513,2
509,1148,4
509,313,5
509,847,4
509,978,4
509,374,1
509,1001,4
509,389,2
509,560,2
509,216,5
510,119,4
510,1168,2
510,545,2
511,257,2
511,279,4
511,286,3
511,375,4
511,255,5
511,249,4
512,889,1
512,932,4
512,1398,2
512,1247,3
512,948,4
512,651,2
513,600,1
513,724,4
513,1299,4
514,1014,3
514,341,4
514,158,4
514,1310,5
514,117,1
514,710,1
514,154,4
515,381,1
515,1409,3
516,277,3
516,34,4
516,1183,1
516,501,4
516,823,3
516,220,2
516,312,3
517,529,2
517,1413,1
517,1043,4
517,74,1
517,883,1
517,1418,4
518,424,4
518,1038,3
518,368,3
518,171,1
518,998,3
518,828,4
518,1306,2
519,718,5
519,582,3
519,427,5
519,569,4
519,1101,1
519,433,3
520,994,5
520,1414,3
520,1339,4
520,1223,1
520,879,4
520,935,4
520,825,2
520,538,2
521,740,3
521,977,4
521,513,2
521,709,3
521,583,1
521,526,3
521,1372,1
521,398,4
521,529,2
522,1217,4
522,704,4
522,272,5
522,543,4
522,471,5
523,3,3
523,347,4
523,269,1
523,586,3
524,1000,4
524,1206,3
524,160,1
524,113,4
524,961,1
524,1357,4
525,721,5
525,1183,1
525,340,1
525,1105,4
525,275,3
525,941,3
525,1267,1
526,385,4
526,651,2
526,565,4
526,1410,5
526,1383,4
526,1197,2
527,243,4
527,14,3
527,1089,4
527,890,4
527,1208,4
527,809,1
528,1329,5
528,477,3
528,1391,4
528,1046,2
528,495,3
528,428,4
528,27,4
528,375,4
528,1129,4
529,1414,3
529,757,1
529,1262,4
529,863,1
529,19,4
529,115,4
529,1179,3
530,103,5
530,487,2
530,1188,4
530,149,5
530,361,5
531,955,3
531,1112,4
531,197,1
531,1341,1
531,1395,4
531,1387,3
531,929,2
531,336,2
532,674,3
532,1295,5
532,923,1
532,878,1
533,1327,1
533,730,2
533,834,5
533,113,5
534,1029,4
534,1231,1
534,853,5
534,953,1
535,1298,4
535,66,2
535,458,4
535,1043,4
535,226,4
535,926,2
535,5,4
536,5,5
536,1212,4
536,1202,2
536,812,1
536,1036,2
536,994,5
536,408,3
536,843,3
537,121,2
537,1147,1
537,821,4
537,1156,1
538,1165,2
538,851,4
539,719,4
539,1162,4
539,1055,4
539,525,3
539,70,5
540,579,2
541,118,3
541,716,1
541,828,5
541,787,1
541,936,3
542,8,2
542,1400,2
542,898,2
542,1247,3
542,1397,1
542,1297,1
543,1276,4
543,221,4
543,1341,1
543,1187,5
543,12,5
543,1421,4
544,208,3
544,364,5
544,104,5
544,1147,1
544,537,4
544,561,4
545,292,2
545,3,3
545,685,1
545,515,2
545,511,4
545,372,4
546,83,2
546,333,1
546,1015,4
546,178,4
546,1394,5
547,650,1
547,285,1
547,1419,1
547,1164,2
547,53,2
547,75,5
547,926,2
548,1288,3
548,1244,3
548,667,4
548,494,4
548,303,5
548,317,2
548,1309,2
548,431,1
548,855,4
549,1066,3
549,774,4
549,1226,4
549,859,3
549,833,2
549,584,4
549,1095,2
549,1286,1
550,257,2
550,432,3
550,205,2
550,1232,4
550,713,3
550,1134,4
550,579,2
551,204,2
551,1292,1
551,1200,5
551,245,5
551,1094,3
551,604,4
551,107,3
551,740,3
551,590,5
552,1330,2
552,432,3
552,302,4
552,1395,4
552,965,3
552,840,1
552,977,4
553,627,1
553,501,4
553,923,1
553,446,2
553,1101,1
553,1212,4
554,613,1
554,1082,4
554,627,1
554,732,2
554,1249,4
554,577,1
555,150,3
555,677,4
555,710,1
555,1236,4
555,1228,3
555,1091,3
555,1408,3
556,1054,4
556,33,3
556,27,4
556,955,3
556,212,4
556,258,1
556,595,1
556,77,3
557,712,2
557,304,5
557,1095,2
557,1311,4
558,869,4
558,635,5
558,968,4
558,420,4
558,49,4
558,782,5
558,246,4
559,231,5
559,1038,3
559,752,1
559,1272,4
559,997,1
559,1222,5
559,645,5
560,198,3
560,700,5
560,1119,4
560,317,2
560,1239,3
560,997,1
560,1360,3
561,978,4
561,664,4
561,880,5
561,280,3
561,699,3
561,1196,3
561,1093,1
561,51,4
561,1424,1
562,1126,3
562,942,4
562,1315,5
563,1272,4
563,1328,2
563,1359,2
563,982,2
563,1290,3
563,923,1
563,377,4
563,105,2
563,31,4
563,978,4
564,819,4
564,129,2
564,261,4
564,137,1
564,1280,3
564,654,2
564,196,4
565,880,5
565,1210,3
565,1207,2
565,676,5
565,277,3
565,439,1
565,409,2
565,701,4
565,547,1
565,1389,3
566,228,1
566,230,2
566,421,5
566,1282,3
566,201,5
567,1152,3
567,250,5
567,980,2
567,1151,4
567,128,1
567,1300,3
567,1014,3
568,144,4
568,1058,3
568,761,3
568,654,2
568,1312,5
568,698,1
568,458,5
568,923,1
569,1282,3
569,150,3
569,1012,1
569,718,5
569,239,2
569,1209,4
569,574,4
570,1347,4
570,534,5
570,48,3
570,8,2
570,12,5
570,1379,1
570,592,4
571,292,2
571,359,2
571,1262,1
571,208,3
572,1017,4
572,473,4
572,754,2
572,820,5
572,1334,2
572,329,3
572,1339,4
573,220,2
573,756,2
573,890,4
573,345,2
573,296,4
573,560,2
573,1316,4
574,1027,2
574,401,1
574,1221,1
574,668,1
574,366,3
574,79,4
574,1145,3
575,42,1
575,902,4
575,152,4
575,6,4
575,1,5
575,1196,3
575,336,2
576,1257,4
576,1048,1
576,1150,4
576,1307,3
576,739,3
576,723,1
577,1237,3
577,490,2
577,931,3
577,534,5
577,130,2
577,682,2
577,541,4
578,237,4
578,721,3
578,1289,4
578,814,1
578,619,4
578,1273,4
578,534,5
579,41,5
579,382,1
579,1405,4
579,436,5
579,622,4
579,347,4
579,346,1
580,585,4
580,1214,4
580,38,3
580,1299,4
580,940,1
580,384,2
581,672,2
581,457,4
581,904,1
581,1151,4
581,453,4
581,1174,4
581,738,4
581,133,1
581,1379,1
581,952,4
582,1371,3
582,1305,5
582,71,4
582,628,3
583,703,5
583,935,4
584,1345,3
584,352,2
584,1222,5
584,686,4
584,148,4
584,1390,3
585,1042,1
585,364,5
585,969,4
585,810,2
585,461,4
585,1051,5
585,1189,4
585,1371,5
585,57,5
586,285,1
586,135,3
586,1405,4
586,254,3
586,849,2
586,945,4
586,765,4
586,1345,3
587,2,1
587,1203,3
587,470,4
587,1236,4
587,669,1
587,423,5
587,305,1
587,610,3
587,594,3
587,1402,3
588,663,3
588,604,4
588,369,4
588,1066,3
588,518,4
588,1146,5
589,450,2
590,357,5
590,1249,4
590,360,4
590,1099,4
590,513,2
590,1089,4
590,35,4
591,544,4
591,867,1
591,430,4
591,651,2
591,562,2
591,879,4
591,1317,4
592,1050,4
592,974,4
592,1156,1
592,822,4
592,784,4
593,432,3
593,862,1
594,781,4
594,844,4
594,607,1
594,8,2
594,73,4
594,1106,1
594,494,4
595,393,2
595,244,5
596,177,1
596,150,1
596,1071,3
596,1014,3
596,546,3
597,569,4
597,616,1
598,248,3
598,1380,2
598,70,5
598,9,4
598,1422,2
598,1075,4
598,793,1
598,198,3
598,953,1
599,1109,5
599,602,2
599,703,5
599,1064,1
599,203,4
599,121,2
599,1176,3
600,306,5
600,1042,1
600,1169,4
600,643,2
601,427,5
601,1215,5
601,388,2
601,1411,4
602,689,3
602,790,3
602,662,3
602,1083,3
602,673,4
602,955,3
602,265,3
603,164,4
603,584,4
603,260,1
603,1028,1
603,1389,3
603,400,4
603,861,2
603,1067,4
603,165,2
604,641,3
604,25,2
604,1236,4
604,392,3
604,1380,2
605,199,4
605,851,4
605,321,5
605,1330,2
605,1044,3
605,1261,3
605,1284,2
605,664,4
605,683,1
606,1236,4
606,327,3
606,250,5
606,911,5
606,804,1
606,1025,4
606,1211,4
607,913,3
607,1336,2
607,660,4
607,1385,2
607,940,1
607,790,3
607,5,4
607,577,1
607,1011,2
608,1036,1
608,1197,2
608,872,4
608,1231,1
608,528,3
608,1067,4
608,301,4
609,588,4
609,953,1
609,481,4
609,925,4
610,200,4
610,1110,4
610,521,4
610,327,3
610,1126,3
610,485,5
610,955,3
611,92,5
611,196,4
611,1017,4
611,1416,4
611,1139,4
611,241,4
611,628,3
612,544,4
612,123,1
612,492,4
612,1212,4
612,880,5
612,1063,4
612,229,1
613,1269,2
613,52,2
613,1366,2
613,606,4
613,1033,4
613,400,4
613,523,1
613,320,3
613,1337,4
614,335,4
614,1084,4
614,589,1
614,1120,5
615,200,4
615,1279,3
615,110,4
615,118,3
615,101,2
615,880,5
615,231,5
615,691,2
615,952,4
616,1069,4
616,819,4
616,1103,4
617,546,3
617,675,1
617,1178,4
617,11,4
617,620,5
617,1000,4
618,586,3
618,310,3
618,597,4
618,1076,3
618,579,2
618,530,3
618,207,3
619,1014,3
619,1233,1
619,1173,3
619,1386,3
619,1303,5
619,243,4
619,1231,1
619,507,1
619,202,4
619,968,4
620,136,2
620,824,4
620,673,4
620,143,2
620,546,3
620,1224,2
621,1285,2
621,596,1
621,1395,4
621,580,4
621,944,1
621,443,3
621,794,3
622,618,1
622,694,1
622,370,4
622,576,2
622,1107,3
622,79,4
623,495,3
623,533,4
623,959,1
623,529,2
623,708,4
623,1204,4
624,720,1
624,1032,4
624,448,1
624,876,4
624,1017,4
624,1254,4
625,1068,2
625,699,3
625,1141,4
625,137,1
625,896,1
625,290,4
626,57,5
626,1160,4
626,1009,4
626,1258,2
626,1413,1
626,581,4
626,715,2
626,25,2
627,504,1
627,1342,4
627,367,5
627,1138,4
627,1003,3
628,1400,2
628,439,2
628,801,5
628,1341,1
628,41,5
628,989,5
628,605,4
628,1386,3
629,476,1
629,910,3
629,139,4
629,163,4
629,1026,4
629,742,4
629,1376,2
629,1413,1
630,1308,2
630,8,2
630,90,2
630,529,2
630,1261,3
631,1015,4
631,701,4
631,309,2
631,1377,1
631,1052,4
631,740,3
632,1326,4
632,1058,1
632,915,1
632,90,2
632,829,4
632,204,2
632,1163,1
632,598,3
633,55,2
633,1141,4
633,967,5
633,41,5
633,1134,4
633,955,3
633,768,4
633,115,4
634,257,2
634,850,2
634,529,2
634,923,1
634,211,1
634,736,2
634,118,3
634,1170,4
635,6,4
635,30,5
635,1316,4
635,942,4
635,615,4
635,307,1
636,1061,5
636,76,3
636,526,3
636,1313,5
636,356,4
636,241,4
636,349,2
636,208,3
637,362,2
637,107,3
637,359,2
637,752,1
637,11,4
637,51,4
637,496,5
637,470,4
638,1051,5
638,1324,4
638,1031,1
638,1072,4
638,699,3
638,830,2
639,1249,4
639,368,3
639,713,3
639,1190,4
639,35,4
640,205,2
640,1348,4
640,1374,1
640,251,4
640,3,1
640,480,2
641,836,4
641,1025,4
641,494,4
641,1422,2
641,1242,4
641,298,2
641,873,3
641,194,4
642,575,4
642,536,1
643,616,1
643,1342,4
643,1021,3
643,277,3
643,66,2
643,241,4
643,748,3
644,330,2
644,503,1
645,708,4
645,1073,2
645,637,5
645,1245,4
645,1332,3
645,919,2
645,1115,4
646,277,3
646,787,1
646,1347,4
646,1011,2
646,1159,3
646,20,4
647,119,4
647,869,4
647,1250,3
647,815,3
647,890,4
647,1187,5
647,662,3
648,372,4
648,614,3
648,1240,3
648,1345,3
648,838,5
648,864,2
648,152,4
648,630,4
648,1013,4
648,31,4
649,1255,3
649,1350,4
649,174,3
649,793,1
649,960,4
650,624,1
650,914,1
650,1287,4
650,144,4
650,1091,3
650,1177,1
651,313,5
651,748,3
651,1372,1
651,673,4
651,787,1
651,69,3
652,248,3
652,674,3
652,368,3
652,1210,3
652,163,4
652,312,3
653,29,4
653,476,1
653,1243,4
653,1271,1
653,669,1
654,1336,2
654,1014,3
654,262,4
654,1256,3
654,858,4
654,1264,2
654,1057,3
654,27,4
655,1286,1
655,581,4
655,649,4
655,727,4
655,393,2
655,1193,4
656,419,3
656,286,3
656,782,5
656,1289,4
656,1050,4
656,379,2
657,665,4
657,653,4
657,428,4
657,919,2
657,959,1
657,40,4
657,4,4
657,189,3
658,65,2
658,1304,3
658,736,2
658,1343,1
658,168,3
658,1127,4
659,1107,3
659,950,4
659,1133,4
659,754,2
659,130,2
659,1341,1
659,492,4
660,426,4
660,1115,4
660,1231,1
660,346,1
660,882,5
660,447,4
660,781,4
660,1399,3
661,275,3
661,184,4
661,1413,1
661,691,2
661,407,4
661,45,4
661,635,5
662,1269,2
662,16,4
662,1102,1
662,235,5
662,741,1
663,1381,2
663,577,1
663,1421,4
663,27,4
663,279,4
663,427,5
663,1251,1
663,1254,4
664,237,4
664,327,3
664,259,3
664,920,1
664,208,3
664,1382,2
664,437,3
664,689,3
665,452,4
665,1281,1
665,1410,1
665,633,4
665,203,4
665,330,2
666,843,3
666,707,2
666,62,1
666,572,2
667,714,2
667,849,2
667,596,1
667,1168,2
667,296,4
667,723,1
668,348,2
668,461,4
668,1418,4
668,378,3
668,733,4
668,403,3
669,1112,4
669,703,5
669,581,4
669,106,1
669,810,2
669,207,3
669,52,2
669,242,1
670,105,2
670,872,4
670,917,4
670,1202,2
670,1014,3
670,166,1
670,1089,4
671,365,4
671,174,3
671,837,5
671,843,3
671,794,3
671,541,4
672,874,1
672,693,3
672,40,4
672,904,1
672,820,5
672,1231,1
672,145,4
673,714,2
673,973,2
673,1064,1
673,1389,3
673,1360,3
673,905,3
673,72,3
674,161,1
674,797,2
674,1005,4
674,587,4
674,642,3
674,626,1
674,146,4
675,822,4
675,1082,4
675,100,4
676,1255,5
676,682,2
676,1151,4
676,1217,4
676,1021,3
676,711,1
676,680,4
677,100,5
677,117,1
677,241,4
677,451,1
677,188,1
677,1394,5
677,654,2
677,975,1
677,1168,2
678,394,5
678,314,4
678,221,4
678,68,4
678,489,3
678,100,1
678,762,4
678,277,3
678,261,4
678,287,4
678,289,4
679,755,5
679,117,1
680,986,4
680,420,4
680,1199,5
680,112,4
680,428,4
681,495,3
681,131,4
681,883,1
681,1144,5
681,716,1
681,1374,1
681,902,4
681,320,1
682,995,4
682,109,2
682,151,1
682,1328,2
682,554,5
682,766,4
682,288,4
683,1156,1
683,610,3
683,875,1
683,1372,1
683,30,5
683,1198,5
683,335,4
684,314,4
684,1215,1
684,1293,4
684,662,3
684,249,4
684,996,3
684,768,4
684,1406,3
685,495,1
685,47,4
685,1138,4
685,934,4
685,241,5
686,415,4
686,111,4
686,1286,1
686,45,4
686,557,5
686,5,4
687,987,4
687,1131,3
687,436,5
687,94,5
687,552,2
687,829,4
687,1159,3
688,1116,4
688,1315,5
688,662,3
688,352,2
688,1050,4
688,216,5
688,1121,1
688,79,4
688,751,3
688,1260,4
688,1141,4
689,1171,2
689,770,2
689,538,2
689,822,4
689,1372,1
689,1204,4
689,658,3
690,509,1
690,242,1
690,1171,2
690,335,4
690,945,4
691,211,1
691,122,4
691,801,5
691,1218,4
691,1159,5
691,787,1
691,1231,1
692,176,5
692,729,5
692,34,4
692,767,1
692,103,5
693,1422,2
693,48,3
693,1295,5
693,216,5
694,113,4
694,1098,5
694,14,3
694,812,1
694,453,4
694,492,4
695,233,4
695,100,4
695,1033,5
695,916,3
695,1071,3
695,455,4
696,1032,4
696,1114,3
696,552,2
696,1403,4
696,643,2
696,1358,1
696,793,1
696,945,4
697,1247,3
697,515,2
697,1166,1
697,181,2
697,824,4
697,1320,4
698,1229,4
698,602,2
698,1347,4
698,129,2
698,684,1
698,658,3
698,284,1
699,179,1
699,475,4
699,907,1
699,794,3
699,448,1
699,965,3
699,1341,1
700,53,2
700,1126,3
700,277,3
700,1262,4
700,428,4
700,1235,5
700,1340,4
700,1226,4
701,509,3
701,1179,3
701,387,4
701,1398,2
701,23,3
701,333,1
701,947,1
701,465,4
701,833,2
701,956,3
701,432,3
702,453,1
702,1245,4
702,768,5
702,1411,4
702,1324,4
702,723,1
703,1049,5
703,378,3
703,457,4
703,747,1
703,70,5
703,964,2
703,725,4
703,733,4
704,531,4
704,835,4
704,720,3
704,370,4
704,159,4
704,725,4
704,1014,3
705,460,2
705,342,3
705,302,4
705,687,3
706,862,1
706,705,2
706,856,1
707,1343,1
707,637,5
707,484,1
707,809,1
707,1371,3
707,475,4
708,1023,4
708,1233,1
708,137,1
708,405,3
708,953,1
708,324,4
708,561,4
708,1237,3
709,100,4
709,123,1
709,1091,3
709,911,5
709,23,3
709,321,5
710,420,4
710,646,2
710,1319,4
710,1139,4
710,445,3
710,734,4
710,1338,4
710,174,3
710,582,3
710,372,4
711,30,5
711,1159,3
711,1173,3
711,578,1
711,761,3
711,1211,4
711,118,3
711,119,4
712,1091,3
712,1367,1
712,1070,4
712,62,1
712,1361,3
712,113,4
713,242,1
713,421,5
713,1370,5
713,155,5
713,52,2
713,615,1
713,66,2
713,1335,1
714,576,2
714,1162,4
714,741,1
714,743,5
715,1384,4
715,823,3
715,635,5
715,362,2
715,897,4
715,1278,2
715,221,4
715,881,1
715,1096,4
715,640,4
715,199,4
715,292,2
716,1291,1
716,1406,3
716,449,4
716,624,1
716,756,2
716,297,3
716,158,4
716,571,4
717,708,4
717,331,4
717,406,4
717,144,4
717,567,5
717,595,1
717,685,1
717,238,4
718,1054,4
718,1235,5
718,124,4
718,922,4
718,1061,5
718,1180,4
718,171,1
718,451,1
718,584,4
718,316,2
718,917,4
719,471,5
719,827,3
719,295,4
719,622,4
719,406,4
719,601,4
719,303,5
719,768,4
719,1141,4
719,691,2
719,1143,1
720,1071,3
720,523,1
720,849,2
720,1024,4
720,560,2
721,1087,2
721,1179,3
721,1282,3
721,215,1
721,1392,1
721,623,2
722,352,2
722,915,1
722,792,4
722,242,1
722,800,4
722,665,4
723,500,5
723,745,3
723,708,4
723,1066,3
723,322,2
723,452,4
723,103,5
724,298,2
724,340,1
724,722,1
724,1164,2
724,115,4
725,916,3
725,539,3
725,498,2
725,1153,4
726,638,4
726,775,4
726,814,1
726,1407,2
726,688,4
726,843,3
726,120,5
726,528,3
727,28,4
727,261,4
727,771,2
727,206,2
727,960,4
727,5,4
727,30,5
727,575,4
728,1004,3
728,972,5
728,996,3
728,272,3
728,800,4
728,620,3
729,913,3
729,1077,4
729,891,3
729,566,4
730,625,3
730,53,2
730,1296,2
730,1098,5
730,232,1
730,1379,1
730,487,2
730,1079,3
731,154,4
731,503,1
731,55,2
731,110,4
731,115,4
731,394,5
731,141,2
732,660,4
732,623,2
732,202,4
732,1174,4
732,483,2
733,1132,4
733,1144,5
733,549,3
733,1207,2
733,35,4
733,282,4
733,420,4
733,1268,1
734,1178,4
734,85,1
734,202,4
734,1371,3
734,211,1
735,51,4
735,166,1
735,782,5
735,23,3
735,288,4
735,803,4
735,989,5
736,1265,3
736,1351,5
736,312,3
736,1292,1
737,669,1
737,488,1
737,555,4
737,517,1
737,988,4
738,70,5
738,679,4
738,842,2
738,3,3
738,235,5
738,407,4
739,285,1
739,590,5
739,277,3
739,5,4
740,937,4
740,1115,4
740,1365,1
740,241,4
740,1180,4
740,306,5
741,11,4
741,214,4
741,973,2
741,1378,2
742,280,5
742,637,5
742,370,4
742,385,4
742,432,3
742,794,3
742,1138,4
743,192,1
743,53,2
743,887,1
743,893,4
744,1070,4
744,1011,2
744,1215,1
744,699,3
744,1340,4
745,848,3
745,233,4
745,1363,4
745,1167,3
745,211,1
745,31,4
745,764,5
746,646,2
746,1422,2
746,998,3
746,561,4
746,9,4
747,898,2
747,426,4
747,218,2
747,82,1
747,978,4
747,521,4
747,168,3
747,1311,1
747,493,4
747,284,1
747,691,2
747,12,5
748,1343,1
748,452,4
748,941,3
749,1229,4
749,241,4
749,1227,5
749,1017,4
749,302,4
749,1415,5
749,926,2
749,880,1
750,412,1
750,1177,1
750,191,4
750,1130,2
750,1140,3
750,838,5
750,1297,1
751,1075,4
751,1167,3
751,1327,1
751,533,4
751,56,5
751,721,3
751,392,3
751,412,1
751,600,1
752,286,3
752,396,2
752,1194,3
752,979,2
752,462,2
752,297,3
753,1360,3
753,429,1
753,516,4
753,1325,4
753,53,2
754,482,4
754,1154,2
754,773,5
754,804,1
754,1174,4
754,291,5
754,975,1
754,217,4
755,648,1
755,726,1
755,613,1
755,1023,4
755,1180,4
755,400,4
755,794,3
755,1309,2
756,451,1
756,605,4
756,1040,4
756,1373,5
756,868,3
756,1256,3
756,951,2
757,1316,4
757,890,4
757,1001,4
757,367,5
757,1159,3
757,715,2
757,1152,3
758,339,4
758,729,5
758,925,4
758,1219,4
758,294,3
758,678,1
759,435,1
759,127,3
759,224,1
759,1379,1
759,284,1
759,912,4
760,253,5
760,1373,5
760,336,2
760,1179,3
760,356,4
760,588,4
760,1069,4
761,1047,4
761,109,2
761,121,2
761,870,5
761,943,4
762,675,2
762,171,1
762,1269,2
762,184,4
762,726,1
762,653,4
762,212,4
763,1042,1
763,1328,2
763,238,4
763,62,1
763,141,2
763,794,3
763,1121,1
764,224,1
764,420,4
764,298,2
765,286,3
765,1029,4
765,994,5
765,905,3
766,432,3
766,449,4
766,494,4
766,834,5
767,1032,4
767,1273,4
767,739,3
767,1346,3
767,490,2
768,1069,4
768,1329,5
768,1260,4
768,1379,1
768,971,2
768,953,1
768,1016,1
769,1122,5
769,604,4
769,642,3
769,133,1
769,1217,4
769,953,1
770,259,3
770,1027,2
770,673,4
770,86,4
770,1178,4
770,891,3
770,463,4
771,1140,3
771,1255,1
771,483,2
771,898,2
771,921,4
771,1073,2
772,676,5
772,1277,5
772,422,4
772,936,1
772,642,3
772,236,3
773,192,1
773,1240,3
773,1288,3
773,374,4
773,61,5
774,1095,2
774,1406,3
774,242,1
774,139,4
774,726,1
774,1087,2
775,123,1
775,437,3
775,510,2
775,494,4
775,667,4
775,1338,5
776,991,1
776,388,2
776,571,4
776,837,5
776,782,5
776,1119,4
777,1170,4
777,1228,3
777,1389,3
777,537,4
777,221,4
777,1383,4
777,335,4
777,891,3
778,1419,1
778,582,3
778,287,4
778,694,1
778,285,1
778,521,4
778,174,3
779,1056,2
779,176,1
779,368,3
779,789,3
779,130,2
779,195,4
779,74,1
780,491,2
780,704,4
780,290,4
780,701,4
780,508,3
780,1046,2
781,391,1
781,1248,4
781,31,4
781,1143,1
781,1349,1
781,1250,3
782,607,1
782,1126,3
782,481,4
783,972,5
783,416,4
783,451,5
783,950,4
784,158,4
784,193,1
784,510,2
784,1338,4
785,679,4
785,1112,4
785,1217,4
785,1138,4
785,877,3
786,212,4
786,685,1
786,342,3
786,378,3
786,879,4
787,1005,4
787,1255,3
787,867,1
787,785,4
787,119,4
787,1299,4
788,1246,1
788,524,1
788,1088,5
788,80,5
788,995,4
789,335,4
789,5,4
789,1400,2
789,1074,4
789,272,3
789,1293,4
789,1264,2
789,1363,1
790,41,5
790,1273,4
790,411,1
790,635,5
790,1298,4
791,29,4
791,784,4
791,1083,3
791,338,1
792,631,4
792,43,4
792,181,2
792,82,1
792,874,1
792,432,3
792,332,4
793,738,4
793,654,2
793,161,1
793,1057,3
793,647,4
793,1343,1
793,173,4
793,1164,2
794,533,4
794,1409,3
794,1359,2
794,1195,2
795,859,3
795,117,1
795,700,5
795,260,1
795,1020,3
796,1,5
796,316,2
796,1391,4
796,45,5
796,387,1
797,1069,4
797,800,4
797,227,1
797,1168,2
797,1372,1
797,854,3
797,520,5
798,284,1
798,1167,3
798,187,4
798,138,4
798,50,4
798,189,3
798,162,3
798,1233,1
799,1405,4
799,1366,2
799,1119,4
799,278,2
799,1145,3
800,1194,3
800,788,5
800,337,1
800,1143,1
800,724,4
800,187,4
800,1170,4
801,835,4
801,921,4
801,307,1
801,613,1
801,179,1
801,91,2
801,135,3
802,209,1
802,1315,5
802,499,2
802,1174,4
802,1078,1
802,1375,1
802,692,2
803,686,5
803,1359,2
803,784,4
803,9,4
803,372,4
804,82,1
804,875,1
804,365,1
804,67,4
804,685,1
804,548,4
804,813,4
804,449,4
805,1164,2
805,227,1
805,902,4
805,208,3
805,414,4
805,1333,4
805,102,5
806,226,4
806,449,4
806,973,2
806,710,1
806,1415,4
806,974,4
806,644,3
806,943,4
807,286,3
807,1007,5
807,1389,3
807,473,4
807,419,3
807,82,1
807,278,2
807,279,4
807,340,1
807,465,4
808,475,4
808,1265,3
808,675,2
808,767,1
808,454,3
808,1372,1
808,1000,4
808,268,2
809,573,4
809,744,2
809,702,4
809,52,2
809,1137,1
809,1179,3
809,846,1
809,710,1
809,317,2
810,302,4
810,155,5
810,169,4
810,396,2
811,149,5
811,1395,4
811,442,2
811,285,1
811,1038,3
811,761,3
811,484,1
812,620,3
812,1119,4
812,107,3
812,844,4
812,690,3
812,762,4
812,1129,4
813,471,5
813,900,3
813,1050,4
813,702,4
813,926,2
813,528,3
813,965,3
814,330,2
814,688,4
814,1195,2
814,1156,1
814,232,1
814,1004,3
815,1223,1
815,467,1
815,831,4
815,1321,4
815,218,2
815,460,2
816,1177,1
816,809,1
816,728,5
816,14,3
817,614,3
817,876,4
817,528,3
817,1060,1
817,1291,1
817,324,4
817,542,4
818,1247,3
818,475,4
818,45,4
818,286,3
818,1273,4
819,193,1
819,672,2
819,587,4
819,570,5
819,1372,1
820,976,1
820,1274,2
820,1251,1
820,86,4
820,291,5
820,816,5
820,1172,1
820,188,1
821,725,4
821,1184,1
821,1254,4
821,225,3
821,1338,4
821,1208,4
821,316,2
821,853,5
821,14,3
821,21,5
822,892,2
822,318,4
822,150,3
822,303,5
822,88,5
822,1361,3
822,422,4
823,286,3
823,618,1
823,327,3
823,625,3
823,727,4
823,608,5
824,1094,3
824,366,3
824,703,5
824,306,5
824,172,4
824,664,4
825,240,4
825,591,2
825,1349,1
826,1271,1
826,1101,1
826,520,4
826,285,1
826,1142,4
826,615,4
826,167,2
826,217,4
827,1269,2
827,1195,2
827,902,4
827,342,3
827,250,5
827,711,1
827,1057,3
827,1027,2
827,709,3
828,535,3
828,967,2
828,1224,5
828,1102,1
828,415,4
828,1122,5
828,1412,5
829,229,3
829,1414,3
829,758,2
829,1058,3
829,872,4
829,18,1
829,355,4
830,1108,3
830,670,4
830,966,3
830,920,1
830,1066,3
830,877,3
830,69,3
830,1229,4
831,383,3
831,1123,2
831,1027,2
831,891,3
831,56,5
832,128,1
832,677,4
832,582,3
832,1281,1
832,1098,5
832,517,1
833,539,3
833,1071,3
833,1328,2
833,1090,4
833,1195,2
833,118,3
834,365,4
834,344,5
834,1372,1
834,137,1
834,679,4
834,200,5
835,197,1
835,594,3
835,176,5
835,195,4
835,239,2
835,134,4
835,60,4
836,27,4
836,231,5
836,77,3
836,382,1
836,1153,5
837,551,4
837,498,2
837,464,4
837,426,4
837,239,2
837,166,1
838,995,4
838,1004,3
838,629,4
838,1228,3
838,453,4
838,884,1
838,186,4
838,954,2
838,516,4
839,892,2
839,1094,3
839,650,1
839,1210,1
839,1115,4
839,392,3
839,847,5
839,40,4
840,493,4
840,795,4
840,376,5
840,117,1
840,1255,5
840,841,3
840,541,4
841,641,3
841,1194,3
841,1087,2
841,173,4
841,1303,5
841,1278,2
842,1069,4
842,166,1
842,1138,4
842,1419,1
842,34,4
842,1319,4
843,1010,4
843,390,3
843,531,4
843,561,4
843,403,1
843,78,2
843,508,3
843,1186,3
844,1362,3
844,840,1
844,1053,1
844,1393,4
844,1263,4
844,425,4
845,561,4
845,1008,3
845,147,4
845,96,4
845,1379,1
845,734,4
846,817,1
846,647,4
846,1365,1
846,497,2
846,1179,3
846,353,3
846,976,1
847,605,4
847,1051,5
847,661,4
847,1111,3
847,1104,3
848,336,1
848,640,4
848,407,4
848,1076,3
849,286,3
849,1247,1
849,1375,1
849,946,2
849,605,4
849,1006,1
849,1318,3
849,331,4
849,654,2
850,1420,4
850,105,1
850,79,4
850,1410,5
850,444,5
850,303,5
850,885,4
850,482,4
851,146,4
851,1203,3
851,1393,4
851,96,4
851,47,4
851,887,5
852,848,3
852,1188,4
852,1304,3
852,949,3
852,66,2
852,1106,1
852,1218,4
852,536,4
853,461,4
853,958,3
853,121,2
853,57,5
853,310,3
853,556,2
854,741,1
854,683,1
854,651,2
854,712,2
854,1112,4
854,436,5
854,714,2
855,633,4
855,379,2
855,494,4
855,434,4
855,597,4
855,594,3
855,769,1
856,943,4
856,311,3
856,86,4
856,1282,3
856,671,5
856,433,3
856,175,3
857,650,1
857,1063,4
857,713,3
857,628,3
857,270,3
857,1362,3
857,150,3
858,249,4
858,326,4
858,272,3
858,869,4
858,522,4
858,1107,3
858,1016,1
858,908,5
858,807,3
858,1065,2
859,350,2
859,1344,1
859,947,1
859,279,4
859,1382,2
860,836,4
860,1173,3
860,1328,2
860,1375,1
860,55,2
861,1369,1
861,90,2
861,1248,4
861,202,4
861,998,3
861,1013,4
861,894,1
862,1404,2
862,1285,2
862,1385,2
862,1001,4
862,1329,5
862,794,3
862,1275,3
862,2,1
862,1097,1
862,753,1
863,1077,4
863,407,4
863,737,4
863,189,3
863,438,3
863,1047,4
863,804,1
864,1253,1
864,400,4
864,797,2
864,1381,2
865,67,4
865,1175,4
865,590,1
865,8,2
865,883,1
865,320,3
865,25,2
866,903,2
866,743,5
866,227,1
866,819,4
867,726,1
867,1043,4
867,1049,2
867,1254,4
867,1252,4
868,1189,4
868,1389,3
868,317,2
868,1134,4
868,72,3
869,545,2
869,1156,1
869,674,3
869,1241,2
869,13,5
869,951,2
870,1093,1
870,100,4
870,899,5
870,416,4
870,779,1
870,1235,5
870,288,4
870,38,3
871,1241,2
871,27,4
871,305,1
871,717,1
871,574,4
871,671,5
871,374,4
871,266,1
871,1307,3
872,113,4
872,1007,3
872,488,1
872,95,1
872,853,5
872,956,1
872,268,2
872,1296,2
872,289,4
873,755,4
873,269,1
873,312,3
873,111,4
873,526,3
873,226,4
873,360,4
873,1384,4
873,405,3
873,1195,2
874,534,5
874,1385,2
874,1151,4
874,1021,3
874,544,4
875,187,4
875,476,5
875,1233,1
875,1092,1
875,84,1
876,650,1
876,1048,1
876,493,4
876,39,3
876,738,4
876,155,5
876,529,2
876,1131,1
877,1146,5
877,1226,4
877,691,2
877,292,2
877,259,3
878,1091,3
878,1194,3
878,715,2
878,72,3
878,624,1
879,927,2
879,124,4
879,313,5
879,1045,2
879,611,3
879,184,4
879,452,4
879,684,1
880,1413,1
880,1192,4
880,15,3
880,115,4
881,599,5
881,220,2
881,1288,3
881,572,2
881,770,5
881,1342,4
881,848,3
881,151,1
881,950,4
881,249,4
882,1418,4
882,1209,4
882,1223,1
882,649,4
882,309,2
882,543,4
883,1146,5
883,398,4
883,877,3
883,719,4
883,1312,5
883,1413,1
883,310,3
883,51,4
884,395,1
884,1175,4
884,1160,4
884,554,5
884,845,5
884,1344,5
884,921,4
885,998,3
885,453,4
885,1129,4
885,764,5
886,858,4
886,1283,4
886,654,2
886,1146,5
886,1075,4
886,48,3
886,36,4
886,878,1
886,1247,3
886,1284,2
887,924,4
887,212,4
887,814,1
887,968,4
887,849,2
887,1150,4
888,956,3
888,381,4
888,133,1
888,976,1
888,823,3
888,1230,3
888,551,4
888,1092,1
889,1184,1
889,153,4
889,348,2
889,260,1
889,966,3
889,1243,4
889,211,1
889,403,3
890,957,2
891,18,5
891,593,5
891,698,1
891,1226,4
891,926,2
892,293,4
892,535,3
892,1338,4
892,610,3
892,150,3
892,784,4
892,636,2
892,1027,2
893,255,5
893,941,3
893,365,4
893,796,1
893,1203,3
893,804,1
893,318,4
893,1183,1
893,1350,4
893,560,2
894,976,1
894,890,4
894,1156,1
894,915,1
894,218,2
894,268,2
895,1294,4
895,31,4
895,269,1
895,113,4
896,110,4
896,300,3
896,40,4
896,1138,4
896,628,3
896,260,1
896,1051,5
896,371,4
896,622,4
896,1017,4
897,72,3
897,1363,4
897,1194,3
897,714,2
897,1208,4
897,1367,1
897,235,5
897,705,2
898,162,3
898,234,2
898,1071,3
898,96,4
899,1411,4
899,65,2
899,578,1
899,518,4
899,722,1
899,572,5
899,740,3
899,1157,3
900,997,1
900,44,1
900,1281,1
901,1247,3
901,1321,4
901,174,3
901,556,2
901,79,4
901,1192,4
901,246,4
901,512,5
901,95,1
902,1269,2
902,1007,3
902,272,3
902,921,4
902,361,5
902,1321,4
902,1369,1
902,462,2
902,216,5
903,1192,4
903,783,3
903,987,4
903,382,1
903,90,2
903,1301,3
904,987,4
904,948,4
904,683,1
904,370,4
904,282,4
905,446,2
905,900,3
905,177,1
905,858,4
905,880,5
905,410,2
905,203,4
905,597,4
906,1278,2
906,56,5
906,260,1
906,823,3
906,517,1
906,35,4
906,750,3
906,559,1
907,1152,3
907,985,4
907,257,2
907,22,3
907,1160,4
907,38,3
907,1075,4
907,489,3
908,1310,5
908,117,1
908,564,1
908,369,4
908,631,4
909,554,5
909,396,2
909,1184,1
909,1299,4
909,1003,3
910,509,3
910,292,2
910,1293,4
910,494,4
910,838,5
910,574,4
910,969,4
911,344,3
911,29,4
911,133,1
911,786,1
911,701,4
912,929,1
912,378,3
912,937,4
912,1058,3
912,1185,2
912,555,4
912,1189,4
912,1168,2
912,796,1
913,1019,3
913,352,2
913,1338,4
913,254,3
913,1185,2
913,518,4
914,1085,2
914,119,4
914,721,3
914,31,4
914,838,5
914,1248,4
915,1363,4
915,180,3
915,1174,4
915,545,2
915,892,2
915,1333,4
915,1294,4
915,1068,2
916,788,5
916,732,2
916,906,3
916,499,2
916,22,3
916,29,1
916,968,4
916,623,2
917,353,3
917,1185,2
917,1255,3
917,1375,1
917,291,5
917,13,5
917,1219,4
917,892,2
918,78,2
918,593,5
918,1386,3
918,770,2
918,332,4
919,5,4
919,347,4
919,816,5
919,265,3
919,120,5
919,833,2
919,778,5
919,1087,2
920,909,1
920,1008,3
920,1322,2
920,694,1
921,650,1
921,1048,1
921,288,4
921,494,4
921,521,4
921,785,4
921,783,3
921,255,5
922,126,2
922,755,4
922,846,1
922,142,4
922,1122,5
922,1066,3
922,38,3
922,1261,3
922,413,4
923,15,3
923,524,4
923,1273,4
923,1037,2
923,501,4
923,1259,2
923,226,4
923,735,3
924,612,3
924,647,4
924,990,2
924,169,4
924,1201,4
924,116,2
924,444,5
925,172,4
925,862,1
925,1166,1
925,425,4
925,634,5
925,104,4
925,514,1
925,563,5
926,585,4
926,163,4
926,516,4
926,592,4
926,731,1
926,783,3
926,1155,3
926,858,4
927,1221,1
928,1068,1
928,770,2
928,879,4
928,307,1
928,200,4
928,757,1
929,1026,4
929,673,4
929,726,1
930,150,3
930,1114,3
930,1070,4
930,201,5
931,1396,4
932,1035,3
932,470,4
932,1264,2
932,195,4
933,932,5
933,1187,5
933,220,2
933,388,2
933,1146,5
933,1021,3
933,50,4
933,389,2
933,896,1
934,1120,5
934,1168,2
934,899,5
934,312,1
934,588,4
934,925,4
934,430,4
934,834,1
934,452,4
935,178,4
935,419,3
935,354,5
935,1145,3
935,606,4
935,163,5
935,728,5
936,172,4
936,1152,3
936,1303,5
936,273,4
936,604,4
937,1302,3
937,1325,4
937,722,1
937,56,5
937,1393,4
937,744,5
937,331,4
938,1084,4
938,1146,5
938,1393,4
938,373,1
938,33,3
938,184,4
939,1332,3
939,850,2
939,52,2
939,218,2
939,313,5
939,1036,2
939,523,3
939,715,2
940,1313,5
940,79,4
940,1234,4
940,1017,4
940,489,3
940,538,1
940,1032,4
941,1282,3
941,772,3
941,893,4
941,704,4
941,868,3
942,739,1
942,1324,4
942,616,1
942,33,3
942,342,3
942,189,3
942,519,4
942,1281,1
942,144,4
942,1375,1
942,117,1
942,1353,2
943,1368,4
943,277,3
943,426,4
943,369,1
943,1079,3
943,774,4
944,279,4
944,373,1
944,160,1
944,1260,4
944,102,5
944,119,4
944,165,2
944,396,2
944,938,4
945,229,1
945,1009,4
945,527,4
945,784,4
945,1223,1
945,1300,3
946,590,5
946,1241,2
946,461,4
946,316,2
946,36,1
946,1358,1
946,1234,4
946,1224,2
946,1006,3
947,56,5
947,868,5
947,550,2
947,1394,5
947,645,3
947,454,3
947,407,4
947,1294,4
948,1160,4
948,725,4
948,984,4
948,699,3
948,609,5
949,961,1
949,69,3
949,437,3
949,895,2
949,252,4
949,11,4
950,788,5
950,169,4
950,826,2
950,455,4
950,290,4
950,384,2
950,289,4
950,1049,2
950,342,3
951,1018,4
951,453,4
951,152,4
952,373,1
952,1350,4
952,1095,2
952,463,4
952,855,4
952,1139,4
952,70,5
952,986,5
952,787,1
953,40,4
953,982,2
953,1317,4
954,211,1
954,359,2
954,455,4
954,302,4
954,64,4
954,80,1
954,611,3
955,368,1
955,970,4
955,1246,1
955,384,2
955,1177,1
956,1227,4
956,877,3
956,1147,1
956,478,1
956,550,2
956,395,4
956,326,4
956,244,3
957,316,2
957,251,4
957,568,1
958,672,2
958,779,1
958,266,1
958,63,5
958,941,3
958,1333,1
958,732,2
958,1198,5
958,818,2
959,954,2
959,808,2
959,81,2
960,257,2
960,764,5
960,1405,4
960,1365,1
960,158,4
960,79,4
960,215,1
960,1220,3
960,1319,4
960,656,3
960,1225,4
961,300,3
961,18,1
961,945,4
961,711,1
961,1282,3
961,1269,2
962,639,1
962,691,2
962,923,1
962,37,4
962,284,1
962,566,1
962,705,2
963,18,1
963,419,3
963,620,3
963,235,5
963,157,4
964,750,3
964,1046,2
964,1234,4
964,1393,4
964,814,1
964,35,4
965,1145,3
965,328,5
965,784,4
965,45,4
965,1423,4
965,1218,4
965,1178,4
966,497,2
966,611,3
966,1033,4
966,794,3
966,137,1
967,1368,4
967,352,2
968,893,4
968,1262,4
968,687,3
968,307,1
968,1356,1
969,1233,1
969,911,5
969,788,5
969,1237,3
969,328,1
969,1089,4
969,685,1
969,956,3
969,700,5
969,383,3
970,772,3
970,470,4
970,1415,4
970,844,4
970,316,2
970,144,4
970,1262,4
970,486,4
970,1118,4
970,656,3
970,599,5
970,677,4
971,611,3
971,159,4
971,417,4
971,1087,2
971,589,1
971,1033,4
971,135,3
971,363,5
971,181,2
972,229,3
972,460,1
972,113,4
972,579,2
972,1027,2
972,384,2
973,977,4
973,574,4
973,498,2
974,252,4
974,218,5
974,488,1
974,867,1
974,646,2
975,499,2
975,952,4
975,429,1
976,582,3
976,315,1
976,1220,3
977,1195,2
977,1424,1
977,1402,3
977,825,2
977,517,1
978,123,1
978,915,1
978,195,4
978,168,3
978,966,3
979,1267,1
979,879,4
979,1147,1
979,880,5
979,474,4
979,1263,1
980,735,3
980,685,1
980,414,4
980,190,2
980,805,1
980,840,1
980,86,4
981,91,2
981,632,5
981,1373,5
981,1140,3
981,821,4
982,330,2
982,70,5
982,1195,2
982,725,4
982,1131,3
982,41,5
983,1020,3
983,36,4
983,1171,2
983,443,3
983,264,4
983,1254,4
983,1121,1
983,19,4
984,166,1
984,1355,5
984,1006,3
984,654,2
984,292,2
984,876,4
984,1075,4
984,320,3
984,1113,3
985,496,5
985,151,1
985,713,3
985,470,4
985,104,4
986,1147,1
986,805,1
986,1251,1
987,375,4
987,1222,5
987,527,4
987,1243,4
987,1160,4
987,426,4
987,26,3
988,1259,2
988,312,3
988,1138,4
988,950,4
989,968,4
989,517,1
989,1307,3
989,747,1
989,582,3
989,1243,4
989,802,2
989,844,4
989,224,1
990,758,2
990,916,3
990,1270,4
990,183,3
990,135,3
990,397,4
990,1190,4
990,1232,4
991,411,1
991,1081,1
991,957,2
991,561,4
991,1109,1
991,628,3
991,677,4
991,1122,5
992,98,3
992,89,1
992,653,4
992,147,4
992,733,4
992,787,1
993,1148,4
993,1281,1
994,630,4
994,357,4
994,1239,3
994,787,1
994,659,1
994,1323,3
994,86,4
995,1410,5
995,681,4
995,609,4
995,593,5
996,701,4
996,1046,2
996,1380,2
996,1305,5
996,1199,1
996,1227,4
997,956,3
997,720,3
997,146,5
997,369,4
998,232,1
998,220,2
998,917,4
998,420,4
998,550,2
998,134,4
998,1295,5
999,1308,1
999,1257,4
999,681,4
999,1122,5
999,922,4
1000,462,2
1000,53,2
1000,163,4
1000,1288,1
1000,1154,2
1001,360,5
1001,1246,1
1001,655,3
1001,1293,4
1001,1164,2
1001,591,2
1001,651,2
1001,779,1
1001,1066,3
1002,880,5
1002,81,2
1002,404,3
1002,1298,4
1002,1072,4
1003,763,2
1003,352,1
1003,13,5
1003,356,4
1003,1309,2
1004,260,1
1004,634,5
1004,326,4
1004,298,2
1005,365,4
1005,131,4
1005,91,2
1005,329,3
1005,642,3
1005,780,1
1005,1208,4
1006,550,2
1006,314,4
1006,655,3
1006,1388,4
1006,838,5
1006,997,1
1006,1032,4
1006,297,3
1006,727,4
1007,700,5
1007,1401,4
1007,655,3
1007,1263,4
1007,334,3
1007,196,4
1008,742,4
1008,647,4
1008,622,4
1008,1191,5
1008,837,5
1008,724,4
1009,737,4
1009,398,4
1009,760,3
1009,97,2
1010,1032,4
1010,360,4
1010,1097,1
1010,1294,4
1010,1344,1
1010,372,1
1010,418,4
1011,592,4
1011,427,5
1011,994,5
1011,219,5
1011,608,5
1011,398,4
1011,1165,2
1012,1303,5
1012,1041,1
1012,419,3
1012,1327,1
1012,727,4
1012,1242,4
1012,1367,1
1012,1381,2
1013,482,4
1013,1063,4
1013,123,1
1013,967,2
1013,1234,4
1014,450,2
1014,839,4
1014,514,1
1014,918,4
1014,692,2
1014,914,1
1015,640,4
1015,1037,2
1015,902,4
1015,1352,5
1015,1115,4
1015,33,3
1015,357,4
1015,959,1
1015,113,4
1016,759,4
1016,1261,3
1016,1334,2
1016,1179,3
1016,716,1
1016,387,4
1016,820,5
1016,306,5
1016,432,3
1017,1203,3
1017,381,4
1017,615,4
1017,937,4
1017,1058,3
1017,634,5
1017,759,4
1018,1110,4
1018,55,2
1018,1332,3
1018,60,4
1018,1006,3
1018,862,1
1019,1105,4
1019,154,4
1019,135,3
1019,989,5
1019,752,1
1020,39,3
1020,828,4
1020,395,4
1020,1270,4
1020,146,4
1021,985,4
1021,527,4
1021,282,4
1021,746,2
1021,933,2
1022,1064,1
1022,885,4
1022,210,3
1022,605,4
1022,461,4
1022,25,2
1022,290,4
1022,164,4
1023,727,4
1023,1147,1
1023,806,3
1023,733,4
1023,153,4
1023,690,3
1024,978,4
1024,556,2
1024,11,4
1024,1412,5
1024,740,3
1024,1410,5
1024,984,4
1024,1029,4
1025,882,4
1025,454,3
1025,524,4
1025,118,3
1025,171,1
1025,196,4
1026,697,1
1026,1304,5
1026,54,5
1026,298,2
1026,816,5
1026,1214,4
1026,352,1
1027,302,4
1027,1041,1
1027,829,4
1027,340,1
1027,107,3
1028,270,1
1028,1016,1
1028,349,1
1028,20,4
1028,1375,1
1028,938,4
1028,1336,2
1028,650,1
1029,1342,4
1029,969,4
1029,261,4
1029,1115,4
1029,930,3
1029,557,5
1029,92,5
1029,1310,5
1030,351,1
1030,1270,4
1030,195,4
1030,1320,4
1030,367,5
1030,1052,4
1031,886,2
1031,1200,5
1031,590,5
1031,533,4
1031,1417,4
1031,1025,4
1031,972,5
1031,566,4
1031,1315,5
1032,603,2
1032,789,3
1033,951,2
1033,226,4
1033,535,3
1033,1298,4
1033,484,1
1033,664,4
1033,724,4
1033,728,5
1033,1357,4
1033,1201,1
1034,1176,3
1034,3,3
1034,135,3
1034,1274,2
1034,1318,3
1034,1186,3
1034,1002,3
1034,1408,3
1034,81,2
1034,66,2
1035,1064,1
1035,166,1
1035,1320,4
1035,569,4
1035,497,2
1036,861,2
1036,351,1
1036,596,1
1036,277,3
1036,750,3
1036,594,3
1036,921,1
1037,1293,4
1037,369,4
1037,174,3
1037,659,1
1037,360,4
1037,701,4
1037,953,1
1038,1061,1
1038,935,4
1038,1342,4
1038,1180,4
1039,1042,1
1039,1258,2
1039,136,2
1039,934,4
1039,460,2
1039,1407,2
1039,169,4
1039,1421,4
1040,1330,2
1040,12,5
1041,500,5
1041,1421,4
1041,318,4
1041,616,1
1042,41,5
1042,795,4
1042,45,4
1042,676,5
1042,855,4
1042,1196,3
1042,124,4
1043,335,4
1043,791,2
1043,296,4
1043,282,4
1043,174,3
1044,1412,5
1044,219,5
1044,110,4
1044,915,1
1045,1329,5
1045,1101,1
1045,1052,4
1045,77,3
1045,1188,1
1045,277,3
1046,1283,4
1046,74,1
1046,869,4
1046,474,4
1046,1246,1
1046,1304,3
1046,2,1
1046,141,2
1046,771,2
1047,932,4
1047,685,1
1047,893,4
1047,1318,3
1047,439,2
1047,1359,2
1047,1209,4
1047,735,3
1048,1276,4
1048,38,3
1048,1094,3
1048,1209,4
1048,46,5
1048,433,3
1048,323,1
1049,1205,2
1049,1045,2
1049,555,4
1049,1356,1
1049,599,5
1050,921,4
1050,1051,5
1050,738,4
1050,321,5
1050,1369,1
1050,53,1
1050,55,2
1050,43,4
1050,54,5
1051,1208,4
1051,1149,4
1051,1166,1
1051,988,4
1051,814,1
1051,1219,4
1051,1140,3
1051,948,4
1051,817,1
1052,414,4
1052,935,4
1052,1327,1
1052,932,4
1053,1150,4
1053,675,2
1053,212,4
1053,1285,2
1054,666,3
1054,101,2
1054,1224,2
1054,474,4
1055,1355,5
1055,1098,5
1055,248,3
1055,1218,4
1055,1366,2
1055,525,3
1055,504,1
1055,703,5
1055,1022,3
1055,1063,4
1056,1041,1
1056,513,2
1056,1236,4
1056,705,2
1057,978,4
1057,717,1
1057,200,4
1057,415,4
1057,990,2
1057,629,4
1057,585,4
1057,453,4
1058,116,2
1058,709,3
1058,1107,3
1058,1203,3
1058,1144,5
1058,789,3
1058,787,1
1058,45,4
1059,747,1
1059,385,4
1059,1057,3
1059,440,5
1059,1171,2
1059,1302,3
1060,1217,4
1060,887,1
1060,106,1
1060,551,4
1060,249,4
1061,467,1
1061,1104,3
1061,611,3
1061,1321,4
1061,488,1
1061,799,3
1061,1378,2
1061,572,2
1062,1401,4
1062,275,3
1062,1178,4
1062,437,1
1062,204,2
1062,156,3
1062,486,4
1063,406,4
1064,1281,1
1064,618,1
1064,577,1
1064,387,4
1064,606,4
1064,560,2
1064,1196,3
1065,1376,2
1065,487,2
1065,620,3
1065,413,4
1065,492,4
1065,502,1
1065,702,4
1065,776,2
1065,1220,3
1066,549,3
1066,704,4
1066,713,3
1066,404,3
1067,1057,3
1067,778,1
1067,464,4
1067,284,1
1067,775,4
1067,299,3
1067,981,5
1067,319,2
1068,937,4
1068,164,4
1068,1321,4
1068,1077,4
1068,1031,1
1068,268,2
1068,1043,4
1069,583,1
1069,1192,4
1069,180,3
1069,931,3
1069,131,4
1069,1143,1
1069,1296,2
1070,1261,3
1070,106,1
1070,720,3
1070,1362,3
1070,482,4
1070,1236,5
1071,1014,3
1071,1407,2
1071,85,1
1071,615,4
1072,468,4
1072,136,2
1072,1071,3
1072,1336,2
1072,255,5
1072,1068,2
1072,583,1
1073,743,5
1073,1355,5
1073,992,4
1073,746,2
1073,1167,3
1073,241,4
1073,1008,3
1074,916,3
1074,532,4
1074,700,5
1074,915,1
1074,163,4
1075,913,3
1075,969,4
1075,1157,3
1075,270,3
1075,586,3
1075,738,5
1075,1012,1
1075,602,2
1076,691,2
1076,940,1
1076,753,1
1077,556,2
1077,701,4
1077,256,1
1077,811,3
1077,1101,1
1078,860,1
1078,1266,2
1078,1201,4
1078,709,3
1078,622,4
1079,1082,4
1079,1376,2
1079,81,2
1079,120,5
1079,793,1
1079,260,1
1079,185,2
1079,1266,2
1079,747,1
1080,227,1
1080,482,4
1080,75,5
1081,257,2
1081,508,3
1081,360,4
1081,643,2
1081,331,4
1081,347,4
1082,498,2
1082,1025,4
1082,267,2
1082,24,1
1082,512,2
1083,220,2
1083,1050,4
1083,283,5
1083,1058,3
1083,1270,4
1083,415,4
1083,145,4
1084,1004,3
1084,784,4
1084,839,4
1084,844,4
1084,1343,1
1084,292,2
1085,1159,3
1085,1029,4
1085,487,2
1085,241,4
1085,264,4
1085,14,3
1085,478,1
1085,135,3
1085,761,3
1086,1222,5
1086,784,4
1086,471,5
1086,1094,3
1086,1303,5
1086,986,5
1086,321,5
1086,1047,4
1087,470,4
1087,1103,4
1087,297,3
1087,819,4
1087,298,2
1087,9,4
1087,1062,3
1088,778,5
1088,276,2
1088,56,5
1088,579,2
1088,1292,5
1088,897,4
1089,1409,3
1089,1143,1
1089,714,2
1089,764,5
1089,986,4
1090,564,1
1090,1334,2
1090,18,1
1090,26,3
1090,648,1
1090,1390,3
1091,1392,1
1091,1296,2
1091,138,4
1091,1086,3
1091,766,4
1091,127,3
1091,909,1
1092,67,4
1092,1361,3
1092,1398,1
1092,440,5
1092,508,3
1092,931,3
1093,833,2
1093,316,2
1093,800,4
1093,381,5
1093,120,5
1094,439,2
1094,987,4
1094,453,4
1094,1327,1
1094,1138,4
1094,632,5
1095,536,4
1095,164,4
1095,538,2
1095,1354,4
1095,385,4
1095,1250,3
1095,1095,2
1096,461,4
1096,456,4
1096,509,3
1097,190,2
1097,148,4
1097,640,4
1097,443,3
1097,197,1
1098,688,4
1098,1243,4
1098,540,5
1098,581,4
1099,667,4
1099,783,3
1099,53,2
1100,1148,4
1100,68,4
1100,602,2
1100,508,3
1100,24,1
1101,750,1
1101,834,5
1101,777,2
1101,760,3
1102,859,3
1102,1279,3
1102,808,2
1102,608,5
1102,509,3
1103,125,2
1103,698,1
1103,1374,1
1103,1040,4
1103,543,5
1103,133,1
1104,57,5
1104,1313,5
1104,520,4
1104,980,2
1104,1183,1
1104,832,4
1104,163,4
1104,102,5
1104,1233,1
1105,972,5
1105,497,2
1105,924,4
1105,905,3
1105,820,5
1105,833,2
1106,945,4
1106,1143,1
1106,679,4
1107,1041,1
1107,1052,4
1107,169,4
1107,881,1
1107,1368,4
1107,578,1
1108,1357,4
1108,1113,3
1108,669,1
1108,452,4
1108,801,5
1109,1398,2
1109,1332,3
1109,107,3
1109,356,4
1109,1075,4
1109,1308,2
1109,559,1
1110,361,5
1110,1250,3
1110,1130,2
1110,1325,4
1110,916,3
1110,246,1
1110,717,1
1111,1292,1
1111,289,1
1111,1288,3
1112,1204,4
1112,358,4
1112,1225,4
1112,924,4
1112,807,3
1112,320,3
1113,157,4
1113,273,4
1113,135,3
1113,267,2
1114,962,5
1114,24,1
1114,423,5
1114,273,4
1114,274,4
1114,703,5
1115,1212,4
1115,253,5
1115,1406,3
1115,187,4
1115,128,1
1115,568,4
1115,1348,4
1116,1336,5
1116,167,2
1116,573,4
1116,1256,3
1117,269,1
1117,644,3
1117,318,4
1117,1158,2
1117,350,2
1117,1226,4
1117,527,4
1118,1112,4
1118,530,3
1118,312,3
1119,1151,4
1119,996,3
1119,440,5
1119,1254,4
1119,95,1
1119,1202,2
1120,962,2
1120,1020,3
1120,264,4
1120,783,3
1121,884,1
1121,34,4
1121,509,3
1121,1301,1
1121,1323,3
1121,543,4
1121,669,1
1121,1345,3
1121,1382,2
1121,862,1
1122,447,4
1122,408,3
1122,614,3
1122,364,5
1122,1411,4
1122,337,1
1122,653,4
1122,993,5
1122,18,1
1123,1215,1
1123,101,2
1123,1222,5
1123,244,3
1123,1035,3
1123,1156,1
1123,849,2
1124,148,5
1124,260,1
1124,251,4
1124,1125,4
1124,927,2
1124,65,2
1124,1112,4
1124,837,5
1124,235,5
1124,1253,1
1125,233,4
1125,784,4
1125,1165,2
1125,81,2
1126,740,3
1126,105,2
1126,213,4
1126,27,4
1126,633,4
1126,175,3
1126,607,1
1127,1254,4
1127,18,1
1127,114,4
1127,471,5
1127,703,5
1127,1394,5
1128,666,3
1128,1010,4
1128,1367,1
1128,756,2
1128,1059,1
1129,646,2
1129,1256,3
1129,1046,2
1129,592,4
1129,302,4
1129,275,3
1129,761,3
1129,464,4
1129,58,2
1130,443,3
1130,1154,2
1130,511,4
1130,1189,4
1130,280,3
1131,1173,3
1131,1,5
1131,356,5
1131,682,2
1131,1230,3
1132,523,3
1132,1237,3
1132,889,5
1132,339,4
1132,474,4
1132,1209,4
1133,1399,3
1133,1324,4
1133,399,1
1133,163,4
1133,171,1
1133,911,5
1133,93,4
1134,316,2
1134,1348,4
1134,165,2
1134,63,5
1134,427,5
1134,104,4
1135,403,3
1135,594,3
1135,173,4
1135,30,5
1135,446,5
1136,997,1
1136,1075,5
1136,192,1
1136,1208,4
1136,836,4
1136,210,3
1137,149,5
1137,326,4
1137,485,2
1137,356,4
1137,790,3
1137,1144,5
1137,821,4
1137,240,4
1138,1244,3
1138,1059,1
1138,349,2
1138,47,4
1138,597,4
1139,958,3
1139,46,5
1139,350,2
1140,1284,2
1140,142,4
1140,1287,4
1140,561,4
1140,1363,4
1140,629,4
1141,1193,4
1141,1255,3
1142,828,4
1142,921,4
1142,776,2
1142,1073,2
1142,227,1
1142,53,2
1142,920,1
1142,877,3
1143,1365,1
1143,1371,3
1143,374,4
1144,1148,4
1144,1334,2
1144,500,1
1144,180,3
1144,561,4
1144,1176,3
1145,388,2
1145,1271,1
1145,122,4
1145,432,3
1145,23,3
1145,783,3
1145,1083,3
1146,739,3
1146,1206,3
1146,741,1
1146,367,5
1146,1369,1
1146,1073,1
1148,274,4
1148,111,4
1148,940,1
1148,1314,5
1148,1309,2
1148,1142,4
1148,915,1
1148,793,1
1148,1219,4
1148,1262,4
1149,854,3
1149,1371,3
1150,197,1
1150,320,3
1150,415,4
1150,648,1
1150,655,3
1150,796,1
1150,591,2
1150,175,3
1150,877,3
1150,495,3
1150,823,3
1151,943,4
1151,1050,4
1151,1036,2
1151,196,4
1152,511,4
1152,524,4
1152,742,4
1152,1124,1
1152,771,2
1152,1008,3
1153,421,5
1153,417,4
1153,627,1
1153,463,4
1153,257,2
1153,867,1
1153,1083,3
1153,397,4
1154,1170,4
1154,126,2
1154,1069,4
1154,611,3
1154,1072,4
1154,256,1
1154,1066,3
1154,1141,4
1154,993,1
1155,19,5
1155,888,2
1155,179,1
1155,1382,2
1155,1109,1
1155,224,1
1155,736,2
1156,204,2
1156,1323,1
1156,816,1
1156,1336,2
1157,693,3
1157,1161,2
1157,877,3
1157,1402,3
1157,735,3
1157,778,1
1157,898,2
1157,578,1
1157,677,4
1157,1027,2
1158,889,1
1158,477,3
1158,630,4
1158,116,2
1158,169,4
1158,852,4
1158,355,4
1158,227,1
1159,168,3
1159,414,4
1159,209,1
1159,535,3
1159,1374,1
1160,669,1
1160,1020,3
1160,88,2
1160,599,5
1160,1055,4
1160,1386,3
1160,624,1
1161,309,2
1161,913,3
1161,1301,3
1161,23,3
1162,894,1
1162,984,4
1162,1328,2
1162,501,5
1162,828,4
1163,1174,4
1163,95,1
1163,312,3
1163,589,1
1163,1279,3
1163,88,2
1164,238,4
1164,695,3
1164,1292,1
1164,1100,3
1164,1125,4
1164,410,2
1164,794,3
1164,687,3
1165,373,1
1165,1236,4
1165,557,5
1165,508,3
1165,796,1
1165,871,2
1166,1366,2
1166,1171,2
1166,1018,4
1166,739,3
1166,466,4
1166,1156,1
1167,518,4
1167,913,3
1167,1256,3
1167,1079,3
1167,1121,1
1167,1310,5
1167,1119,4
1168,597,4
1168,1100,3
1168,775,4
1168,1161,2
1169,155,5
1169,402,5
1169,968,4
1169,1347,4
1169,335,4
1170,328,1
1170,1290,3
1170,77,3
1170,797,2
1170,479,5
1170,466,4
1170,704,4
1171,1294,4
1171,927,2
1171,432,3
1171,152,4
1171,321,5
1172,562,2
1172,4,1
1172,475,4
1172,93,4
1172,1264,2
1172,1119,4
1172,350,2
1173,566,4
1173,405,3
1173,775,4
1173,1341,1
1173,94,5
1173,956,3
1173,1381,2
1173,1317,4
1173,467,1
1173,144,4
1174,264,4
1174,1196,3
1174,886,2
1174,528,3
1175,802,2
1175,1131,3
1175,780,1
1175,315,1
1175,412,1
1175,1127,4
1176,1311,4
1176,394,5
1176,211,1
1176,1112,4
1176,1258,2
1177,1219,4
1177,576,2
1177,217,4
1177,276,2
1177,132,4
1177,1272,4
1177,240,4
1178,1207,2
1178,452,5
1178,583,1
1178,203,4
1178,783,3
1178,294,1
1178,950,4
1178,631,1
1178,647,4
1179,900,3
1179,800,4
1179,486,4
1179,963,3
1179,18,1
1179,1188,4
1179,73,4
1179,369,4
1179,215,1
1179,1336,2
1180,1359,2
1180,348,2
1180,237,4
1180,802,2
1180,1164,2
1181,946,2
1181,1266,2
1181,103,5
1181,520,4
1181,1277,5
1181,925,4
1181,1336,2
1182,1271,1
1182,624,1
1182,1042,1
1182,100,4
1182,33,3
1183,88,2
1183,914,1
1183,785,4
1183,1156,1
1183,1194,3
1183,894,1
1184,677,4
1184,567,5
1184,740,3
1184,243,4
1184,539,3
1184,336,2
1184,1196,3
1184,814,1
1184,883,1
1185,114,5
1185,583,1
1185,1281,1
1185,913,3
1185,685,1
1185,1248,4
1185,803,4
1186,488,1
1186,43,4
1186,625,3
1186,276,2
1186,1148,4
1186,183,3
1187,1082,4
1187,290,4
1187,949,3
1187,189,3
1187,306,5
1187,656,3
1188,955,3
1188,909,1
1188,608,5
1188,310,3
1188,794,5
1189,1221,1
1189,2,1
1189,225,3
1190,297,3
1190,811,3
1190,999,1
1190,134,4
1190,369,4
1190,1392,1
1190,906,3
1191,1406,3
1191,1026,4
1191,1368,4
1191,1245,4
1191,448,1
1191,1280,3
1191,796,1
1192,1388,4
1192,936,3
1192,759,4
1192,1056,2
1193,741,1
1193,414,4
1193,1422,2
1193,1097,1
1193,719,4
1193,402,4
1193,1138,4
1193,1423,4
1194,89,1
1194,692,2
1194,947,1
1195,15,3
1195,700,5
1195,89,1
1195,875,1
1195,1102,1
1195,1303,5
1195,972,5
1196,1396,4
1196,917,4
1196,536,4
1196,949,3
1196,1240,3
1196,50,4
1196,819,4
1196,67,4
1196,740,3
1196,486,4
1197,209,1
1197,465,4
1197,150,3
1197,646,2
1197,1259,2
1198,1010,4
1198,593,5
1198,1311,4
1198,335,4
1198,1349,1
1198,1203,3
1199,1327,1
1199,847,4
1199,849,2
1199,761,3
1199,559,1
1199,759,4
1199,296,4
1199,731,1
1200,180,3
1200,334,3
1200,934,4
1200,453,4
1200,460,2
1200,1340,4
1200,196,4
1201,1061,5
1201,759,4
1201,596,1
1201,1005,4
1201,798,4
1202,863,1
1202,1031,1
1202,1409,3
1202,1260,4
1202,805,1
1202,244,3
1202,1223,1
1202,403,3
1202,396,2
1203,1209,4
1203,1340,4
1203,209,1
1203,412,1
1203,899,5
1203,691,2
1203,774,4
1203,1059,1
1204,975,1
1204,576,2
1204,772,3
1204,93,4
1204,1253,1
1204,623,2
1204,52,2
1204,680,4
1204,441,2
1204,647,4
1204,1114,3
1205,159,4
1205,596,1
1205,1141,4
1205,723,1
1205,573,4
1205,1205,2
1205,765,4
1205,307,1
1206,41,5
1206,727,4
1206,667,4
1206,870,5
1206,650,1
1206,840,1
1206,531,4
1207,1159,3
1207,1242,4
1207,918,4
1207,1197,2
1207,813,4
1207,628,3
1207,269,1
1207,1158,2
1208,1330,2
1208,1358,1
1208,699,3
1208,365,4
1208,508,3
1208,81,2
1208,1222,5
1208,619,4
1208,1143,1
1209,1151,4
1209,950,4
1209,339,4
1209,509,3
1209,1065,2
1209,302,4
1209,1052,4
1210,880,5
1210,211,1
1210,697,1
1210,464,4
1210,449,4
1211,319,2
1211,1190,4
1211,362,2
1211,483,2
1211,481,4
1211,969,4
1212,1124,1
1212,427,5
1212,511,5
1212,247,4
1212,866,4
1212,1301,3
1212,520,4
1212,1082,4
1213,1076,3
1213,1418,4
1213,257,2
1213,822,4
1213,1290,3
1213,585,4
1214,1125,4
1214,242,1
1214,214,4
1214,780,1
1214,970,4
1214,1085,2
1215,367,5
1215,700,5
1215,1219,4
1215,1364,1
1215,515,2
1215,701,4
1216,603,2
1216,993,5
1216,612,3
1216,794,3
1217,1186,3
1217,692,2
1217,1196,3
1217,253,5
1218,1325,4
1218,1291,1
1218,948,4
1218,998,3
1218,1286,1
1218,1109,1
1218,1397,1
1218,723,1
1218,1009,4
1218,227,1
1218,859,3
1219,149,5
1219,1004,3
1219,485,2
1219,413,4
1219,794,3
1219,322,2
1219,354,5
1219,558,2
1220,921,4
1220,660,4
1220,172,4
1220,1106,1
1220,338,1
1221,503,1
1221,1088,5
1221,1042,1
1221,552,5
1221,684,1
1221,642,3
1222,849,2
1222,481,4
1222,436,5
1222,94,5
1223,924,4
1223,1030,4
1223,268,2
1223,294,3
1223,107,3
1224,651,2
1224,1344,1
1224,579,2
1224,394,5
1224,35,4
1225,286,3
1225,1400,2
1225,1118,4
1225,875,1
1225,251,4
1225,923,1
1225,154,4
1225,608,5
1225,1256,3
1226,678,1
1226,617,4
1226,260,1
1226,498,2
1226,37,4
1226,36,4
1226,883,1
1227,464,4
1227,1345,3
1227,399,1
1227,709,3
1227,1123,2
1227,1277,5
1227,55,2
1227,1320,4
1227,280,3
1228,1095,2
1228,101,2
1228,1088,5
1228,70,5
1228,68,4
1228,810,2
1228,35,4
1228,518,4
1228,927,2
1228,1369,1
1229,241,4
1229,539,3
1229,307,1
1229,1129,4
1229,737,4
1229,32,4
1230,1124,1
1230,452,4
1230,400,4
1230,979,2
1230,1344,1
1230,493,4
1231,1004,3
1231,223,2
1231,838,5
1231,519,4
1231,647,4
1231,946,2
1231,954,2
1232,428,4
1232,1180,5
1232,1374,1
1232,1289,4
1232,1368,4
1233,1338,4
1233,316,2
1233,353,3
1233,32,4
1234,14,3
1234,117,1
1234,691,2
1234,194,4
1235,763,2
1235,1146,5
1235,1160,4
1235,1356,1
1235,717,5
1235,382,1
1236,262,4
1236,104,4
1236,534,5
1236,641,3
1236,649,4
1236,749,1
1236,157,4
1236,550,2
1236,236,3
1237,206,2
1237,1391,4
1237,911,5
1237,1267,1
1237,158,4
1237,925,4
1237,1062,3
1237,1013,4
1238,358,4
1238,199,4
1238,1125,4
1238,1229,4
1238,980,2
1238,1237,3
1238,1012,3
1238,449,5
1239,538,2
1239,146,4
1239,963,3
1239,937,4
1239,916,3
1239,157,4
1239,1161,2
1240,163,4
1240,880,5
1240,852,4
1240,26,3
1240,876,4
1240,133,1
1241,263,1
1241,762,4
1241,137,1
1241,1272,4
1241,261,4
1241,915,1
1241,700,5
1242,830,2
1242,1259,2
1242,730,2
1242,602,2
1242,696,2
1242,911,5
1242,1032,4
1243,584,4
1243,1144,5
1243,387,4
1243,472,2
1243,1330,5
1243,571,4
1243,965,3
1243,884,1
1243,1309,2
1243,141,2
1244,743,5
1244,1346,3
1244,813,4
1244,372,4
1244,485,2
1244,1191,4
1244,829,4
1245,570,5
1245,1373,5
1245,962,2
1245,1405,4
1246,332,4
1246,274,4
1246,1073,2
1246,624,1
1246,1001,4
1246,1045,2
1246,1225,4
1246,1047,4
1247,710,1
1247,779,1
1247,1132,4
1247,626,1
1247,500,5
1247,945,4
1247,4,4
1247,42,1
1248,314,4
1248,132,5
1248,94,5
1248,1404,2
1248,853,1
1248,1413,1
1248,503,1
1248,1269,2
1248,1162,5
1249,878,5
1249,376,5
1249,1283,4
1249,985,4
1249,1142,4
1250,119,4
1250,388,2
1250,1121,1
1251,1177,1
1251,172,4
1251,1212,4
1251,67,4
1251,1117,2
1251,190,2
1251,88,2
1251,966,3
1252,98,3
1252,1032,4
1252,836,4
1252,1086,3
1252,373,1
1253,1112,4
1253,637,5
1253,1202,2
1253,956,3
1253,683,1
1253,226,4
1253,1258,2
1253,744,2
1254,719,4
1254,1382,2
1254,113,4
1254,849,1
1254,281,4
1254,641,3
1255,1110,4
1255,702,4
1255,970,4
1255,66,2
1255,1205,2
1255,937,4
1255,751,3
1255,1378,2
1255,1055,4
1256,65,2
1256,228,1
1256,592,4
1256,412,1
1256,428,4
1256,1397,1
1257,1374,1
1257,64,4
1257,566,4
1257,315,1
1257,328,1
1257,504,1
1257,1039,3
1258,1081,1
1258,1252,4
1258,757,4
1258,370,4
1258,1266,2
1259,371,4
1259,40,4
1259,220,2
1259,144,4
1260,655,3
1260,713,3
1260,1336,2
1260,308,2
1260,1009,4
1261,823,3
1261,409,2
1261,734,4
1261,144,4
1261,272,3
1261,904,1
1261,1083,3
1262,1184,1
1262,386,4
1262,1399,3
1262,465,4
1262,551,4
1263,767,1
1263,688,4
1263,728,5
1263,1041,1
1263,1144,5
1263,356,4
1263,1349,1
1264,950,4
1264,514,1
1264,339,4
1264,1062,3
1264,465,4
1264,1394,5
1264,607,1
1265,294,3
1265,989,5
1265,707,2
1265,1223,1
1265,930,3
1265,497,2
1265,424,4
1265,816,5
1265,374,4
1266,656,3
1266,1382,2
1266,427,5
1267,53,2
1267,181,2
1267,1230,3
1267,1304,3
1267,698,1
1267,489,3
1267,465,4
1267,334,3
1268,1014,3
1268,606,4
1268,186,4
1268,661,1
1269,290,4
1269,423,5
1269,286,3
1269,44,1
1269,370,4
1270,630,4
1270,353,3
1270,360,4
1270,529,2
1270,502,1
1270,626,1
1270,638,4
1271,161,1
1271,1247,5
1271,875,1
1271,192,1
1271,775,4
1271,1317,4
1271,16,4
1272,322,2
1272,407,4
1272,1217,1
1272,1021,3
1272,991,1
1272,1161,2
1273,1009,4
1273,792,4
1273,1031,1
1273,7,2
1273,12,5
1273,1084,4
1274,860,1
1274,334,3
1274,94,5
1274,695,3
1274,1187,5
1275,1150,4
1275,1240,3
1275,324,4
1275,882,4
1275,784,4
1275,1075,4
1275,1262,4
1276,1004,3
1276,410,2
1276,506,1
1276,652,2
1277,580,4
1277,208,5
1277,662,3
1277,684,1
1277,619,4
1277,483,2
1277,234,2
1278,648,1
1278,263,4
1278,1361,3
1278,1416,4
1278,101,2
1279,766,4
1279,989,5
1279,311,3
1279,272,3
1280,969,1
1280,1386,3
1280,142,4
1281,463,4
1281,247,4
1281,910,5
1281,868,3
1281,1084,4
1281,732,2
1282,753,1
1282,84,1
1282,447,4
1282,1198,5
1283,541,4
1283,353,3
1283,723,1
1283,646,2
1283,1413,1
1284,277,3
1284,1284,2
1284,1091,3
1284,1358,1
1285,173,4
1285,619,4
1285,409,2
1285,795,4
1286,1107,3
1286,136,2
1286,758,2
1286,1408,3
1286,1139,4
1286,495,3
1287,110,4
1287,1153,4
1287,924,4
1287,10,1
1287,393,2
1287,282,4
1287,1205,2
1288,423,5
1288,941,3
1288,347,4
1288,659,1
1288,845,5
1288,643,2
1288,1097,1
1288,564,1
1288,1195,2
1288,1354,4
1289,728,5
1289,245,1
1289,487,5
1289,83,2
1289,1247,3
1289,568,4
1289,753,1
1289,1281,1
1289,1164,2
1290,1135,4
1290,811,3
1290,1404,2
1290,1104,3
1290,484,1
1291,209,1
1291,1287,4
1291,367,5
1291,1417,1
1291,1192,4
1291,994,5
1291,335,4
1292,736,2
1292,843,3
1292,470,4
1292,1404,2
1292,1029,4
1292,1392,1
1292,253,5
1292,1270,4
1292,844,4
1293,918,4
1293,387,4
1293,1325,4
1293,846,1
1293,804,1
1293,1231,1
1294,162,3
1294,1183,1
1294,1193,4
1294,74,1
1294,624,1
1294,1296,2
1295,307,1
1295,840,1
1295,1118,4
1295,941,3
1296,476,1
1296,135,3
1296,214,4
1296,808,2
1296,956,3
1296,1315,5
1296,1167,3
1296,914,1
1297,1085,2
1297,513,2
1297,502,1
1297,112,4
1298,254,3
1298,33,3
1298,62,1
1298,585,4
1298,491,2
1299,784,4
1299,1246,1
1299,1286,1
1299,620,3
1299,588,4
1300,389,2
1301,243,4
1301,1282,3
1301,822,4
1301,1032,4
1302,679,4
1302,1127,4
1303,305,1
1303,1346,3
1303,191,4
1303,355,4
1303,172,4
1303,1053,1
1303,1185,2
1304,906,3
1304,881,1
1304,156,3
1304,1183,5
1304,945,5
1305,180,3
1305,532,4
1305,1344,1
1305,295,4
1305,590,5
1305,378,3
1305,844,4
1306,1225,4
1306,777,2
1306,102,5
1306,1133,4
1307,701,4
1307,85,1
1307,311,3
1307,1252,4
1307,302,4
1308,993,5
1308,449,1
1308,1018,4
1308,766,1
1308,819,4
1308,1165,2
1309,336,1
1309,487,5
1309,805,1
1309,950,1
1309,56,5
1309,235,5
1309,141,2
1310,21,5
1310,296,4
1310,396,2
1310,316,2
1310,1386,3
1310,102,5
1311,551,4
1311,718,5
1311,383,3
1311,907,1
1311,1311,4
1311,1008,3
1312,199,4
1312,337,1
1312,1018,4
1312,216,5
1312,67,1
1312,1198,5
1312,153,4
1312,288,4
1313,420,5
1314,838,5
1314,217,1
1314,981,5
1314,599,5
1314,477,3
1314,1318,3
1314,357,4
1315,526,3
1315,203,4
1315,1105,4
1315,153,4
1315,185,2
1315,317,2
1315,1039,3
1315,892,2
1315,618,1
1316,1101,1
1316,85,1
1316,1126,3
1316,740,3
1316,1265,3
1316,584,4
1317,503,1
1317,560,2
1317,397,4
1317,945,4
1317,306,5
1317,51,4
1318,93,4
1318,217,4
1318,171,1
1318,523,3
1319,1024,4
1319,730,2
1319,1411,5
1319,1068,2
1320,17,5
1320,529,2
1320,501,4
1320,22,3
1320,765,4
1321,1012,3
1321,863,1
1321,346,1
1321,748,3
1322,538,2
1322,397,4
1322,212,4
1322,272,3
1322,991,1
1322,909,1
1322,309,2
1323,460,2
1323,1116,4
1323,489,3
1323,1087,2
1323,434,4
1323,1105,4
1324,657,4
1324,1261,3
1324,813,4
1324,851,4
1324,1119,4
1324,920,1
1325,103,5
1325,128,1
1325,315,1
1325,972,5
1325,911,5
1326,25,2
1326,1051,5
1326,916,3
1326,610,3
1326,143,2
1327,765,4
1327,267,2
1327,210,3
1327,685,1
1327,620,3
1328,1334,2
1328,801,5
1328,506,1
1328,1195,2
1328,1354,4
1328,153,4
1328,1087,2
1328,191,4
1329,855,4
1329,779,1
1329,51,4
1329,248,3
1329,222,3
1329,1044,3
1330,1332,5
1330,669,1
1330,184,4
1330,688,4
1330,861,2
1331,1152,3
1331,548,5
1331,976,1
1331,1423,4
1331,813,4
1331,271,4
1332,213,4
1332,739,3
1332,1067,4
1332,726,1
1332,1410,5
1332,374,4
1332,770,2
1333,1105,4
1333,278,2
1333,174,3
1333,1286,1
1333,6,4
1334,943,4
1334,1211,4
1334,946,2
1334,1265,3
1334,27,4
1334,1197,2
1334,444,5
1334,1383,4
1334,359,2
1335,878,1
1335,633,4
1335,810,2
1335,998,3
1335,983,4
1335,731,1
1336,559,1
1336,812,1
1336,858,4
1336,1350,4
1336,273,4
1336,1165,2
1337,1365,1
1337,871,2
1337,1282,3
1337,934,4
1337,1220,3
1337,1127,4
1338,860,1
1338,445,3
1338,781,4
1338,1000,4
1338,622,4
1339,457,4
1339,644,3
1339,1023,4
1339,889,1
1339,574,4
1339,252,4
1340,1385,2
1340,829,4
1340,425,4
1340,575,4
1340,687,3
1340,914,1
1340,169,4
1341,855,4
1341,857,5
1341,364,5
1341,339,4
1341,870,5
1341,665,4
1341,1011,2
1342,1218,4
1342,464,4
1342,389,2
1342,866,4
1342,594,3
1342,834,5
1343,742,4
1343,1385,2
1343,928,1
1343,229,3
1343,1288,3
1343,418,4
1343,115,4
1343,763,2
1344,561,4
1344,588,4
1344,1018,4
1344,169,4
1344,1349,1
1344,306,5
1345,716,1
1345,750,3
1345,425,4
1345,224,1
1345,1244,3
1345,636,2
1345,861,2
1345,385,4
1345,967,2
1345,205,2
1346,986,4
1346,1149,4
1346,367,5
1347,198,3
1347,301,4
1347,286,3
1347,758,2
1347,279,4
1347,1257,4
1347,273,4
1348,1310,5
1348,1342,4
1348,1126,3
1348,797,2
1349,1127,4
1349,1292,1
1349,625,3
1349,232,1
1349,1320,1
1349,1404,2
1349,198,3
1349,39,3
1350,9,4
1350,911,5
1350,1189,4
1350,447,4
1350,711,1
1350,887,1
1350,405,3
1351,1409,3
1351,245,4
1351,196,4
1351,823,3
1351,610,3
1352,506,1
1352,22,3
1352,112,4
1352,1094,3
1352,456,4
1352,522,4
1352,371,4
1352,975,1
1353,843,3
1353,370,4
1353,653,4
1353,1161,2
1353,613,1
1353,1135,4
1354,226,4
1354,198,3
1354,753,1
1354,1009,4
1354,88,2
1354,1103,4
1354,1402,3
1355,495,3
1355,380,5
1355,1200,5
1355,654,2
1355,788,5
1355,3,3
1356,1132,4
1356,954,2
1356,1001,4
1356,1024,4
1356,1413,1
1356,214,4
1356,102,5
1357,1074,4
1357,1227,4
1358,623,2
1358,25,2
1358,242,1
1358,892,2
1358,1018,4
1358,184,4
1358,10,1
1359,738,4
1359,683,1
1359,243,4
1359,1235,5
1359,210,3
1359,977,4
1359,454,3
1360,826,1
1360,1417,4
1360,121,2
1361,11,4
1361,616,1
1361,28,1
1361,770,2
1361,285,1
1361,94,5
1361,475,4
1362,299,3
1362,445,3
1362,751,3
1362,537,4
1362,898,2
1362,1350,4
1362,500,5
1362,643,2
1362,548,4
1363,42,1
1363,641,3
1363,858,4
1363,843,3
1363,1086,3
1363,1158,2
1363,242,1
1363,708,4
1363,932,4
1364,1366,5
1364,333,1
1364,422,4
1364,23,3
1364,621,3
1365,998,3
1365,628,3
1365,896,4
1365,281,4
1365,414,4
1366,1206,3
1366,898,2
1366,1141,4
1367,1177,1
1367,1074,4
1367,980,2
1367,575,4
1367,1277,5
1367,853,5
1367,1050,4
1367,1311,4
1368,1267,1
1368,1086,3
1368,671,5
1368,79,4
1368,1399,3
1368,334,3
1368,811,3
1368,841,3
1369,818,2
1369,199,4
1369,159,4
1369,289,1
1369,1210,3
1369,343,5
1370,282,4
1370,131,4
1370,541,4
1370,1169,1
1370,451,1
1370,135,3
1370,742,4
1370,391,1
1370,588,4
1371,2,1
1371,1285,2
1371,1086,3
1372,426,4
1372,944,1
1372,562,2
1372,363,5
1372,266,1
1372,494,4
1372,210,5
1373,194,4
1373,334,3
1373,1253,1
1373,614,3
1373,1214,4
1373,481,4
1373,1043,5
1373,1113,3
1374,470,4
1374,911,5
1374,1157,3
1374,1095,2
1374,297,3
1374,1147,1
1375,900,3
1375,839,4
1375,740,3
1375,650,1
1376,578,1
1376,58,2
1376,998,3
1376,256,1
1376,873,3
1376,814,1
1377,922,4
1377,1095,2
1377,761,3
1377,495,3
1377,391,1
1377,768,4
1377,712,2
1377,1140,3
1377,804,1
1377,361,5
1378,406,1
1378,152,4
1378,1005,4
1378,1226,4
1378,1130,2
1378,743,5
1379,920,1
1379,1244,3
1379,1331,1
1379,546,3
1379,473,4
1380,1216,3
1380,1040,4
1380,1103,4
1380,86,4
1380,1135,4
1380,1382,2
1380,256,1
1381,312,3
1381,150,3
1381,847,4
1381,524,5
1381,998,3
1381,1044,3
1381,337,1
1381,336,5
1382,1344,5
1382,495,3
1382,283,5
1382,628,3
1383,89,1
1383,172,4
1383,1382,2
1383,1194,3
1383,332,4
1383,347,4
1383,1282,3
1383,154,5
1383,766,4
1383,790,3
1383,977,4
1383,410,2
1384,286,3
1384,228,1
1384,5,4
1384,241,4
1384,1289,4
1385,135,3
1385,448,1
1385,1084,4
1385,1357,4
1385,1040,4
1386,511,4
1386,547,1
1386,420,4
1387,1167,3
1387,273,4
1387,1002,3
1387,1106,1
1387,1114,3
1387,660,4
1387,215,1
1387,1044,3
1387,1050,4
1388,569,4
1388,24,1
1388,1336,2
1388,1209,4
1388,1381,2
1388,285,1
1389,1116,4
1389,151,1
1389,1327,1
1389,311,3
1389,916,3
1389,583,1
1389,917,4
1390,896,4
1390,835,4
1390,816,5
1390,1323,1
1391,669,1
1391,878,1
1391,710,1
1391,1297,1
1392,23,3
1392,931,3
1392,633,4
1392,981,5
1392,329,3
1393,701,4
1393,981,5
1393,75,5
1393,848,3
1393,994,5
1393,636,2
1393,1241,5
1394,561,4
1394,1094,3
1394,264,4
1394,955,3
1394,685,1
1394,791,2
1394,1346,3
1395,1295,5
1395,823,3
1395,295,4
1395,97,2
1395,671,5
1395,150,3
1396,417,4
1396,200,4
1396,137,1
1396,1171,2
1396,197,1
1396,1044,3
1396,1235,5
1396,320,3
1396,3,3
1396,774,4
1396,977,4
1397,1419,1
1397,822,4
1397,1079,3
1397,895,2
1397,99,5
1397,911,5
1397,829,4
1398,146,4
1398,526,3
1398,281,4
1398,337,1
1398,678,1
1399,154,4
1399,1286,1
1399,252,4
1399,686,4
1399,927,2
1400,211,1
1400,797,2
1400,254,3
1400,476,1
1400,1170,4
1400,396,1
1400,522,4
1400,227,1
1401,1231,1
1401,1333,4
1401,1355,5
1401,987,4
1401,1276,4
1401,1156,1
1401,855,4
1402,664,4
1402,277,3
1402,851,4
1402,565,4
1402,782,5
1402,1355,5
1403,782,5
1403,1204,4
1403,627,1
1403,1072,4
1403,711,1
1403,921,4
1403,786,3
1404,298,2
1404,31,4
1405,1161,2
1405,87,5
1405,1050,1
1405,366,3
1405,927,2
1405,268,2
1405,598,3
1405,247,4
1406,815,3
1406,873,3
1406,145,4
1406,369,4
1406,689,3
1407,906,3
1407,1273,4
1407,1161,2
1408,1133,4
1408,341,4
1408,96,4
1408,447,4
1408,70,5
1408,739,3
1408,626,1
1408,363,1
1409,152,4
1409,690,3
1409,285,1
1409,177,1
1409,207,3
1409,122,4
1409,1285,2
1409,578,1
1410,736,2
1410,20,4
1410,84,1
1410,1144,5
1410,410,2
1411,455,4
1411,1368,4
1411,585,4
1411,774,4
1411,282,4
1411,33,3
1411,756,2
1411,777,2
1412,459,4
1412,1172,1
1412,899,5
1412,7,2
1413,463,4
1413,726,1
1413,1330,2
1413,256,1
1413,703,5
1413,236,3
1413,1154,2
1413,62,1
1413,927,2
1414,1275,3
1414,517,1
1414,611,3
1414,1200,5
1414,1144,5
1415,235,5
1415,364,5
1415,1362,3
1415,933,2
1415,813,4
1416,293,4
1416,1384,4
1416,1099,4
1416,477,3
1416,431,1
1416,1232,4
1416,399,1
1416,1122,5
1417,1419,1
1417,746,2
1417,1156,5
1417,86,4
1417,226,4
1417,581,4
1417,403,3
1418,58,2
1418,37,4
1418,638,4
1418,76,3
1418,1107,3
1419,327,3
1419,141,2
1419,3,3
1419,393,5
1419,849,2
1420,1223,1
1420,1295,5
1420,683,1
1421,842,2
1421,71,4
1421,172,4
1421,821,5
1421,379,2
1421,572,2
1422,663,3
1422,1028,1
1422,137,1
1422,690,3
1422,1054,4
1422,928,5
1422,217,4
1422,1155,3
1422,1328,2
1422,385,4
1423,207,3
1423,267,2
1423,953,1
1423,51,4
1423,1167,3
1423,1249,4
1423,344,3
1424,1035,3
1424,1168,2
1424,1334,2
1424,354,5
1424,631,4
1424,969,4
1,1,4
3,1,1
1,1,3
1,1,3
1,1,3
1,1,3
1,1,3
1,1,3
1,1,3
1,634,5
1,949,3
1,484,1
2,735,3
2,1230,3
2,1147,1
2,127,3
3,1130,2
3,1336,2
3,500,5
3,1122,5
3,529,2
3,1004,3
4,539,3
4,511,4
4,1024,4
4,1007,3
4,507,1
4,148,4
4,846,1
4,127,3
4,390,3
4,1137,1
5,1033,4
5,1256,3
5,1158,2
5,132,4
5,42,1
5,1089,4
5,276,2
5,26,3
5,265,3
5,1359,2
5,223,2
6,1313,5
6,742,4
6,588,4
6,464,4
6,615,4
6,1142,4
6,1272,4
6,1145,3
6,44,1
6,488,1
7,799,3
7,287,4
7,1401,4
7,1024,4
7,761,3
7,894,1
8,872,4
8,702,4
8,394,5
8,22,3
8,234,2
8,1104,3
8,354,5
8,547,1
8,101,2
9,1367,1
9,817,1
9,1097,1
9,679,4
9,338,1
9,902,4
9,637,5
9,313,5
10,309,2
10,260,1
10,224,1
10,414,4
10,1188,1
10,1372,1
10,470,4
10,1100,3
10,1205,5
11,11,4
11,789,3
11,1169,4
11,957,2
11,490,2
11,1353,2
12,781,4
12,1064,5
12,104,4
12,1105,4
13,921,4
13,455,1
13,800,5
13,323,1
13,524,1
13,449,4
13,882,4
13,169,4
13,720,3
13,914,1
14,109,2
14,1413,1
14,966,3
14,412,1
14,625,3
14,952,1
14,1349,1
15,10,1
15,76,3
15,165,2
15,1007,3
15,1109,1
15,232,1
15,1408,3
15,851,4
15,1336,2
15,157,4
15,1062,3
16,63,1
16,1091,3
16,865,4
16,382,1
16,246,4
16,842,2
17,843,3
17,1272,4
17,600,1
17,1201,4
17,251,4
17,851,4
18,1181,1
18,281,4
18,749,1
18,1416,4
18,1257,4
18,604,4
18,21,5
18,592,4
19,897,4
19,251,4
19,852,4
19,1133,4
19,1221,1
19,41,5
20,164,4
20,431,1
20,847,4
20,698,1
20,617,4
21,191,4
21,889,1
21,506,1
21,779,1
21,1038,3
21,556,2
21,677,4
21,1173,3
22,516,4
22,1060,1
22,769,1
22,8,2
22,184,4
22,888,2
22,114,4
22,752,1
22,569,4
23,1300,3
23,840,1
23,206,1
23,763,2
23,725,4
23,189,3
23,714,2
23,767,1
23,600,1
24,908,5
24,374,4
24,529,2
24,1411,4
24,551,4
24,730,2
24,1235,5
24,51,4
24,131,4
24,1344,1
25,648,1
25,1366,2
25,230,2
25,716,1
25,49,4
25,47,4
26,1274,2
26,617,4
26,986,4
26,68,4
26,1359,2
27,968,4
27,171,1
27,983,4
27,1343,1
27,1241,2
27,757,4
27,2,1
27,956,3
27,579,2
27,617,4
28,124,4
28,1116,4
28,1195,2
29,1335,1
29,159,4
29,1020,5
29,581,4
29,748,3
29,1303,5
29,157,4
29,656,3
30,1109,1
30,835,4
30,933,2
30,966,3
30,299,5
30,451,1
30,145,4
30,1045,2
31,981,5
31,1335,1
31,884,1
31,287,4
1,1,3
1,1,3
1,1,3
